101000801,"GLIBENCLAMIDA, 5MG, TABLETA, V.O.",0.03,"14,938,000","3,003,000","368,000","18,309,000","549,270.00"
101001101,"PARACETAMOL (ACETAMINOFÉN), 500MG, TABLETA, V.O.",0.03,"23,732,000","805,000","2,680,000","27,217,000","816,510.00"
101001801,"FINASTERIDA, 5 MG, TABLETA, V.O.",0.05,"221,190","170,460","762,120","1,153,770","54,227.19"
101002001,"HIDRALAZINA CLORHIDRATO 50mg, tableta, V.O.",0.12,"43,920",0,0,"43,920","5,270.40"
101002101,"BLOQUEADORES DE LOS RECEPTORES ALFA 1 ADRENÉRGICOS: TERAZOSINA, 2MG O DOXAZOSINA, 2MG, CÁPSULA O TABLETA, V.O.",0.04,0,0,0,0,0
101002301,"HIDROXICINA, 25MG, CÁPSULA O TABLETA, V.O.",0.1,"524,540","314,940","1,154,120","1,993,600","197,366.40"
101002401,"ALFACALCIDOL, 1MCG, CÁPSULA, V.O.",0.65,"19,950",0,300,"20,250","13,162.50"
101002601,"ESCOPOLAMINA BUTILBROMURO (HIOSCINA), 10MG, TABLETA, V.O.",0.05,"1,244,200","35,200","176,400","1,455,800","68,422.60"
101003101,"DIFENHIDRAMINA, 25MG, CÁPSULA, V.O.",0.07,"460,000",0,0,"460,000","32,200.00"
101003801,"SIMVASTATINA, 10MG, CÁPSULA O TABLETA, V.O.",0.02,"13,487,936","13,976,256","6,518,680","33,982,872","645,674.57"
101003901,"FORMOTEROL FUMARATO (EFORMOTEROL), 912MCG/INHALACIÓN, POLVO SECO, INHALADOR CON APLICADOR CON 3060 DOSIS, VÍA BUCAL.",5.37,"36,754","1,563",225,"38,542","206,970.54"
101004401,"ZIDOVUDINA 100mg, cápsula, V.O.",0.66,0,0,0,0,0
101004501,"CALCIO CARBONATO, 500 MG1,000MG DE CALCIO ELEMENTAL, TABLETA, V.O.",0.03,"1,780,300","718,500","943,600","3,442,400","86,060.00"
101005101,"MODULADOR HEMORREOLÓGICO TIPO PENTOXIFILINA, 400MG, TABLETA DE LIBERACIÓN MODIFICADA, V.O.",0.12,0,0,0,0,0
101007801,"ACETAZOLAMIDA, 250MG, TABLETA, V.O.",0.13,0,0,0,0,0
101008501,"DIGOXINA 0.25mg, tableta, V.O.",0.27,"115,300",0,0,"115,300","31,131.00"
101008601,"FENITOÍNA SÓDICA 100mg, cápsula o tableta, de liberación modificada, V.O.",0.07,"524,300","832,700","429,900","1,786,900","128,656.80"
101008801,"CLORFENIRAMINA  MALEATO,  4MG, TABLETA, V.O.",0.05,0,0,0,0,0
101009501,"DIMENHIDRINATO, 50MG, TABLETA, V.O.",0.01,"2,064,400","725,800",0,"2,790,200","39,062.80"
101010101,"CIPROFLOXACINA, 500MG, CÁPSULA O TABLETA, V.O.",0.06,"953,400","128,100","37,300","1,118,800","64,890.40"
101010601,"ISOSORBIDE DINITRATO, 5MG, TABLETA, VÍA SUBLINGUAL",0.39,"4,820","8,800","1,000","14,620","5,701.80"
101010701,"ERITROMICINA (BASE, ESTEARATO O ETILSUCCIONATO), 500MG, TABLETA, V.O.",0.6,0,0,0,0,0
101010801,"ISOSORBIDE DINITRATO, 10MG, TABLETA, V.O.",0.03,"199,500","11,900","44,400","255,800","7,929.80"
101011401,"ESTRÓGENOS CONJUGADOS NATURALES DE ORIGEN EQUINO, 0.6251MG, TABLETA, V.O.",0.1,0,0,0,0,0
101012201,"FENOBARBITAL 32mg, tableta, V.O.",0.3,0,0,0,0,0
101012301,"FENOBARBITAL 64mg, tableta, V.O.",0.54,"307,000","499,000","222,000","1,028,000","555,120.00"
101012901,"METRONIDAZOL, 500MG, TABLETA RANURADA, V.O.",0.08,"22,860","56,880","823,140","902,880","69,521.76"
101013101,"FÓLICO ÁCIDO, 5MG, TABLETA, V.O.",0.02,"6,514,400","504,720","1,142,440","8,161,560","187,715.88"
101013701,"NITROFURANTOINA 100MG CÁPSULA O TABLETA, V.O.",0.1,"782,000","193,000","224,000","1,199,000","119,900.00"
101015901,"AZATIOPRINA, 50MG, TABLETA, V.O.",0.59,"33,600","44,200","74,400","152,200","89,798.00"
101016301,"ATENOLOL, 100MG, TABLETA RANURADA, V.O.",0.05,0,0,0,0,0
101018301,"PIRIDOSTIGMINA BROMURO, 60MG, TABLETA, V.O.",0.36,"145,200","10,760","43,920","199,880","71,956.80"
101018401,"METILDOPA, 250MG, TABLETA, V.O.",0.28,"289,320","148,740","60,360","498,420","139,557.60"
101018501,"MELFALANO 2mg, tableta, V.O.",0.78,0,0,0,0,0
101022301,"METOTREXATE, 2.5MG, TABLETA, V.O.",0.15,"393,800",0,"92,500","486,300","72,945.00"
101023201,"HIDROXICLOROQUINA SULFATO, 400MG, TABLETA, V.O.",0.23,"559,650","30,990","1,020","591,660","136,081.80"
101024201,"PREDNISONA O PREDNISOLONA, 5MG, TABLETA, V.O.",0.03,"2,582,600","1,109,600","1,194,500","4,886,700","122,167.50"
101024501,"TAMOXIFENO CITRATO, 20MG, TABLETA, V.O.",0.17,"81,030","5,250",0,"86,280","14,667.60"
101027201,"METILFENIDATO, 10MG, TABLETA, V.O.",0.11,"145,050","38,160","7,920","191,130","21,024.30"
101027701,"CARBAMAZEPINA 200mg, tableta, V.O.",0.05,"3,139,200","196,000","256,500","3,591,700","161,626.50"
101028501,"LEVOMEPROMAZINA, 25MG, TABLETA, V.O.",0.51,"219,744","45,000",0,"264,744","135,019.44"
101030201,"TIAMAZOL (METIMAZOL)  5MG.TABLETA, V.O.",0.25,"1,288,935","7,700",0,"1,296,635","324,158.75"
101030701,"HIDROCLOROTIAZIDA 25MG CON TRIAMTERENO 50MG, TABLETA RANURADA, V.O.",0.13,0,0,0,0,0
101031601,IMIPRAMINA 10 MG CAPSULA O TABLETA V.O.,0.09,0,0,0,0,0
101032001,"FLUOXETINA 20mg, cápsula o tableta, V.O.",0.08,"386,150","103,880","382,956","872,986","69,838.88"
101032901,"AMITRIPTILINA, 25MG, CÁPSULA O TABLETA, V.O.",0.03,"54,990","9,750","542,700","607,440","18,223.20"
101034201,"TIAMINA (VITAMINA B1) 100MG, TABLETA, V.O.",0.01,"272,000","212,000","26,000","510,000","6,885.00"
101034401,"PIRIDOXINA (VITAMINA B6), 50MG,TABLETA, V.O",0.04,"250,560",0,0,"250,560","10,022.40"
101034801,"ASCÓRBICO ÁCIDO (VITAMINA C), 500MG, TABLETA RECUBIERTO (PELÍCULA), MASTICABLE O EFERVESCENTE, V.O.",0.05,"8,229,600","1,391,300","643,700","10,264,600","461,907.00"
101034901,"LITIO CARBONATO 300mg, cápsula o tableta, V.O.",0.07,0,0,0,0,0
101035701,"BIPERIDENO CLORHIDRATO, 2MG, TABLETA, V.O.",0.04,"2,678,100","252,000","168,100","3,098,200","111,535.20"
101036301,"HIERRO (SAL FERROSA), 50100MG DE HIERRO ELEMENTAL, TABLETA,  V.O.",0.25,"714,860","343,500","619,000","1,677,360","419,340.00"
101037701,"ESPIRONOLACTONA, 25MG, TABLETA, V.O.",0.11,"1,633,300","63,180","480,270","2,176,750","239,442.50"
101037801,"ANOVULATORIO ORAL, ESTRÓGENOS: ETINILESTRADIOL,  0.0200.030MG; PROGESTAGENOS: LEVONORGESTREL, 0.15MG. O GESTODENO, 0.075MG, TABLETA, V.O.",0.06,"644,700","194,544","107,058","946,302","56,778.12"
101037901,"TRAMADOL CLORHIDRATO, 50MG, CÁPSULA, V.O.",0.03,"3,649,600","796,120","2,148,540","6,594,260","178,045.02"
101038201,"ACETIL SALICÍLICO ÁCIDO, 75100MG, TABLETA, V.O.",0.02,"23,889,000","94,300","674,400","24,657,700","394,523.20"
101038801,"TRIMETROPIN 160MG CON SULFAMETOXAZOL 800MG, TABLETA RANURADA, V.O.",0.07,"149,350","268,600","379,300","797,250","51,821.25"
101042601,"CICLOSPORINA 25mg, cápsula con microemulsión, V.O.",0.97,"233,300","29,000","18,100","280,400","271,988.00"
101042701,"CICLOSPORINA 100mg, cápsula con microemulsión, V.O.",3.88,"219,800","17,150","29,600","266,550","1,034,214.00"
101043001,"MERCAPTOPURINA  50MG.TABLETA, V.O.",1.64,0,0,0,0,0
101043501,"DIAZEPAM, 5MG, TABLETA, V.O.",0.15,"473,000","74,000",0,"547,000","82,050.00"
101044101,"MEDROXIPROGESTERONA,  5mg, tableta, V.O.",0.5,0,0,"1,780","1,780",890
101048601,"MULTIVITAMINAS Y MINERALES, CÁPSULA O TABLETA, V.O.",0.07,"1,233,000","569,000","79,500","1,881,500","131,705.00"
101051101,"FUROSEMIDA, 40MG, TABLETA, V.O.",0.04,"8,008,900","1,699,300","45,000","9,753,200","360,868.40"
101052301,"AMITRIPTILINA 10mg, cápsula o tableta, V.O.",0.3,0,0,0,0,0
101054001,"PROPRANOLOL CLORHIDRATO, 40MG, TABLETA, V.O.",0.1,"589,700","495,800","248,800","1,334,300","132,095.70"
101057701,"COMPLEJO B, TABLETA, V.O.",0.05,"8,821,500","659,000","1,086,000","10,566,500","475,492.50"
101058301,"WARFARINA SÓDICA 5mg, tableta, V.O.",0.5,200,"379,020","262,680","641,900","320,950.00"
101059201,"SULFASALAZINA, 500 MG,  TABLETA, V.O.",0.07,"491,700","76,000","72,500","640,200","42,893.40"
101059401,"OMEPRAZOL, 20mg, CÁPSULA CON MICROESFERAS GASTRORRESISTENTES, V.O.",0.05,"26,276,064","4,850,160","3,566,976","34,693,200","1,630,580.40"
101059601,"ANTIHISTAMÍNICO CON DESCONGESTIONANTE NASAL, ACCIÓN CORTA: ANTIHISTAMÍNICO: BROMFENIRAMINA, 4MG, O CARBINOXAMINA, 4MG, O CLORFENIRAMINA, 4MG, O TRIPROLIDINA, 2.5MG CON DESCONGESTIONANTE NASAL: FENILEFRINA, 20MG, O PSEUDOEFEDRINA, 60MG, CÁPSULA O TABLETA, V.O.",0.13,0,0,0,0,0
101059901,"LORATADINA, 10MG, CÁPSULA O TABLETA, V.O.",0.01,"10,847,300","946,200","196,000","11,989,500","167,853.00"
101061101,"AMOXICILINA BASE O TRIHIDRATADA, 500MG, CÁPSULA O TABLETA, V.O.",0.05,"3,531,000","454,000","11,000","3,996,000","199,800.00"
101061301,"CEFALEXINA, 500MG, CÁPSULA O TABLETA, V.O.",0.12,"4,800","134,200","216,000","355,000","41,180.00"
101061701,"DICLOXACILINA, 500MG, CÁPSULA, V.O.",0.11,"89,200",800,"31,400","121,400","13,475.40"
101062501,"PRAZOSINA 2mg, tableta ranurada, V.O.",0.4,0,0,0,0,0
101063301,"LEVODOPA CON CARBIDOPA, 250MG/25MG O LEVODOPA CON BENSERAZIDE, 200MG/50MG, TABLETA, V.O.",0.11,0,0,0,0,0
101064601,"ALOPURINOL 300mg, tableta, V.O.",0.05,0,0,0,0,0
101065301,"MEBENDAZOL 100mg, tableta, V.O.",0.19,0,0,"13,000","13,000","2,470.00"
101065401,"DICLOFENACO SÓDICO, 50mg, cápsula o tableta, de liberación convencional o con capa entérica, V.O.",0.02,0,0,0,0,0
101066201,"CLOMIFENO CITRATO 50mg, tableta, V.O.",0.5,"4,600",600,0,"5,200","2,600.00"
101066401,"CLONAZEPAM 2mg, tableta, V.O.",0.09,0,0,0,0,0
101068201,"IBUPROFENO 400mg, cápsula o tableta; V.O.",0.04,0,0,0,0,0
101068401,"ESPIRAMICINA 1.01.5 millones UI, cápsula o tableta, V.O.",0.36,0,0,0,0,0
101068701,"LOPERAMIDA CLORHIDRATO, 2mg, cápsula o tableta, V.O.",0.15,"77,000","5,700",0,"82,700","12,156.90"
101070101,"SULPIRIDA 50mg, cápsula o tableta, V.O.",0.14,0,0,0,0,0
101070201,"SULPIRIDA 200mg, cápsula o tableta, V.O.",0.11,0,0,0,0,0
101070401,"HALOPERIDOL, 5MG, TABLETA, V.O.",0.39,0,0,0,0,0
101070501,"CLINDAMICINA CLORHIDRATO 300mg, cápsula o tableta, V.O.",0.23,"739,900","201,000","66,200","1,007,100","232,640.10"
101070901,"AMANTADINA 100mg, tableta, V.O.",0.13,0,0,0,0,0
101071301,"VERAPAMILO CLORHIDRATO 120mg, tableta de acción prologada, V.O.",0.11,"4,803,480",0,"128,160","4,931,640","517,822.20"
101071701,"HIDROXICARBAMIDA (HIDROXIUREA) 500mg, cápsula, V.O.",0.29,"1,063,000","52,600","57,600","1,173,200","340,228.00"
101072701,"GLICLAZIDA, 80mg, tableta, V.O.",0.05,"120,300",0,0,"120,300","5,654.10"
101073401,"PREDNISONA, 50MG, TABLETA, V.O.",0.53,0,0,0,0,0
101073501,"VERAPAMILO CLORHIDRATO 80mg, tableta, V.O.",0.11,0,0,0,0,0
101073801,"VALPROATO DE MAGNESIO, DIVALPROATO SÓDICO, 500mg, cápsula o tableta, de liberación modificada con capa entérica, V.O.",0.11,"869,240","1,740","12,500","883,480","97,182.80"
101074101,"DANAZOL 200mg, cápsula o tableta, V.O.",0.76,"12,360",0,0,"12,360","9,393.60"
101074201,"CAPTOPRIL, 25MG, TABLETA, V.O.",0.18,"157,320","51,540","32,400","241,260","42,220.50"
101074301,"COLCHICINA 0.5mg0.6mg,  tableta, V.O.",0.24,"47,640",0,0,"47,640","11,433.60"
101074801,"METFORMINA CLORHIDRATO 850mg, tableta ranurada, V.O.",0.02,"30,680,400","7,082,400","7,870,600","45,633,400","775,767.80"
101075001,"SUCRALFATO 1g, tableta o gel oral, V.O.",0.71,0,0,0,0,0
101075501,"AMIODARONA CLORHIDRATO 200mg, tableta, V.O.",0.22,0,0,0,0,0
101077501,"PARACETAMOL (ACETAMINOFÉN) 300325mg con CODEÍNA FOSFATO 30mg, tableta, V.O.",0.15,"284,000","86,000","50,000","420,000","63,000.00"
101079701,"LEVOTIROXINA SAL SÓDICA 0.1mg, tableta, V.O.",0.01,"6,170,000","1,862,000","2,266,000","10,298,000","144,172.00"
101079801,"OXIBUTININA 5mg, tableta, V.O.",0.23,"213,700","362,100","262,800","838,600","192,878.00"
101079901,"LAMOTRIGINA 100mg, tableta o tableta dispersable masticable o tableta dispersable, V.O.",0.06,0,0,0,0,0
101080001,"CLOZAPINA 100mg, tableta ranurada, V.O.",0.38,0,0,0,0,0
101082801,"ZOLPIDEM 10mg, tableta ranurada, V.O.",0.04,"333,300","53,400","86,640","473,340","18,933.60"
101082901,"TRIMETAZIDINA 20mg, tableta, V.O.",0.06,"291,000","15,500",0,"306,500","17,470.50"
101083201,"CLARITROMICINA 500mg, cápsula o tableta, V.O.",0.33,"31,160","6,240","42,200","79,600","26,427.20"
101083401,"AZITROMICINA 500mg, cápsula o tableta, V.O.",0.19,"60,742","21,030","20,460","102,232","19,424.08"
101083601,"LEVOFLOXACINA 500mg, tableta, V.O.",0.62,"76,000","1,582","50,400","127,982","79,604.80"
101083801,"LEFLUNOMIDA 20mg, tableta, V.O.",0.14,0,0,0,0,0
101084001,"MORFINA SULFATO, 15MG, CAPSULA O TABLETA, V.O.",4.5,"67,000","64,500","70,000","201,500","906,750.00"
101085001,"MONTELUKAST 10mg, tableta, V.O.",0.04,"9,317,800","537,400","354,000","10,209,200","438,995.60"
101085101,"MONTELUKAST 5mg, tableta masticable, V.O.",0.03,"867,600","265,600","98,600","1,231,800","41,881.20"
101085201,"ACICLOVIR 400mg, cápsula o tableta, V.O.",0.05,"854,700","267,700","283,900","1,406,300","74,533.90"
101085801,"DOXICICLINA 100mg, base clorhidrato o hiclato, cápsula o tableta, V.O.",0.21,0,0,0,0,0
101086001,"CLOPIDOGREL DISULFATO 75mg, tableta, V.O.",0.04,"5,119,500","1,000,100","3,385,000","9,504,600","351,670.20"
101086201,"FENOFIBRATO 200250mg, cápsula de liberación prolongada, V.O.",0.17,"1,105,050","18,120","225,600","1,348,770","229,290.90"
101086401,"CARVEDILOL 6.25mg, tableta, V.O.",0.02,0,0,0,0,0
101086601,"AMLODIPINA 5mg, tableta, V.O.",0.01,"26,198,580","6,400,380","3,211,200","35,810,160","214,860.96"
101087001,"DILTIAZEM 180mg, cápsula o tableta, de liberación modificada, V.O.",0.15,"114,700",0,0,"114,700","16,975.60"
101087201,"DILTIAZEM 60mg, cápsula o tableta, V.O.",0.16,"93,420","175,890","267,750","537,060","85,929.60"
101087401,"MICOFENOLATO MOFETILO 250mg, cápsula, V.O.",0.95,"1,644,000","259,200","316,900","2,220,100","2,109,095.00"
101090101,"LAMIVUDINA 150mg, cápsula o tableta, V.O.",0.15,"17,880",720,0,"18,600","2,790.00"
101090501,"ITRACONAZOL, 100MG, CÁPSULA O TABLETA, V.O.",1.17,"125,850","5,190",960,"132,000","154,440.00"
101091001,"INDAPAMIDA 1.5mg, tableta de acción prolongada, V.O.",0.04,"16,936,146","2,563,320","1,020,000","20,519,466","779,739.71"
101091101,"DEXAMETASONA 4mg, tableta, V.O.",0.16,"4,000",0,0,"4,000",640
101091401,"OLANZAPINA 10mg, tableta o tableta dispersable, V.O.",0.09,0,0,0,0,0
101091601,"IMATINIB MESILATO 100mg, cápsula o tableta, V.O.",2.73,"4,620","1,440",0,"6,060","16,543.80"
101091901,"CAPECITABINA, 500MG, TABLETA O CÁPSULA, V.O.",0.02,"29,600",0,0,"29,600",704.48
101092001,"LETROZOL 2.5mg, tableta, V.O.",0.67,"16,920","8,800","1,100","26,820","17,969.40"
101092101,"LISINOPRIL,  20mg, tableta, V.O.",0.06,"10,000","182,200","918,000","1,110,200","66,612.00"
101092301,"IMATINIB MESILATO 400mg, cápsula o tableta, V.O.",1.5,"36,720",0,"6,120","42,840","64,260.00"
101092801,"AMOXICILINA 500mg con ACIDO CLAVULÁNICO 125mg, tableta, V.O.",0.25,0,0,0,0,0
101092901,"BICALUTAMIDA, 50MG, TABLETA, V.O.",0.12,"28,380","19,260","25,650","73,290","8,794.80"
101093001,"DEFLAZACORT 6mg, tableta, V.O.",0.29,"19,160","17,530","5,160","41,850","12,136.50"
101093301,"GABAPENTINA 300mg, cápsula, V.O.",0.04,0,0,"104,000","104,000","4,576.00"
101093401,"IRBESARTÁN 300mg, tableta, V.O.",0.07,"5,493,960","358,380","190,680","6,043,020","392,796.30"
101093501,"LINEZOLID 600mg, tableta, V.O.",7.12,"59,180","8,410","8,090","75,680","538,841.60"
101093601,"MINOXIDIL 10mg, tableta, V.O.",0.35,"99,200","12,800","34,000","146,000","50,954.00"
101093801,"PROPAFENONA  150mg, tableta, V.O.",0.35,"46,410",0,"9,270","55,680","19,488.00"
101094001,"SIROLIMUS 1mg, tableta, V.O.",9.41,"24,588","1,600","1,600","27,788","261,485.08"
101094101,"TACROLIMUS 1mg, cápsula, V.O.",3.76,"356,600","51,100","112,200","519,900","1,954,824.00"
101094201,"TALIDOMIDA, 100mg, tableta, V.O.",1.09,"11,800","2,000","1,200","15,000","16,350.00"
101094301,"TOPIRAMATO, 100MG, TABLETA, V.O.",0.09,"170,000","49,200","156,800","376,000","32,336.00"
101094401,"TRETINOÍNA (ACIDO RETINOICO) 10mg, cápsula, V.O.",3.93,"26,900",0,0,"26,900","105,661.86"
101094501,"VALGANCICLOVIR  450mg, tableta, V.O.",7.77,"5,280",480,240,"6,000","46,620.00"
101094701,"CINACALCET HIDROCLORURO, 30mg, tableta, V.O.",1.14,0,"26,684","18,984","45,668","52,061.52"
101095601,"DEFERASIROX 125mg, tableta dispersable, V.O.",9.95,"4,704",0,0,"4,704","46,809.50"
101095701,"DEFERASIROX 250mg, tableta dispersable, V.O.",12.08,"1,456",0,0,"1,456","17,588.48"
101095801,"DEFERASIROX 500mg, tableta dispersable, V.O.",6.29,"7,800",0,0,"7,800","49,038.60"
101096001,"NILOTINIB, 200mg, cápsula, V.O.",42,"273,056","48,832","6,720","328,608","13,801,536.00"
101096101,"DASATINIB 70mg, tableta, V.O.",13.5,0,0,0,0,0
101096201,"TENOFOVIR 300mg/EMTRICITABINA 200mg/EFAVIRENZ 600mg, tableta, V.O.",0.26,0,0,0,0,0
101096301,"PERINDOPRIL, 5MG, TABLETA, V.O.",0.48,"8,266,440","194,490","3,096,360","11,557,290","5,547,499.20"
101096501,"QUETIAPINA FUMARATO, 200mg, tableta, V.O.",0.06,0,0,0,0,0
101096601,"IVERMECTINA 6mg, tableta, V.O.",0.2,"24,504","1,440",240,"26,184","5,184.43"
101096801,"TENOFOVIR DISOPROXIL FUMARATO 300mg, equivalente a 245mg de TENOFOVIR DISOPROXILO , tableta, V.O.",0.47,990,0,900,"1,890",882.63
101096901,"RALTEGRAVIR 400mg, tableta, V.O.",2.99,"535,680","3,600",0,"539,280","1,612,447.20"
101097001,"EMTRICITABINA 200mg/ TENOFOVIR 300mg, tableta, V.O.",0.25,"60,240",0,"9,810","70,050","17,512.50"
101097101,"SEVELAMER CARBONATO 800mg, tableta, V.O.",0.3,"329,220","299,880","165,240","794,340","237,507.66"
101097201,"OXICODONA CLORHIDRATO, 10mg, tableta de liberación prolongada, V.O.",1.7,"10,860",0,0,"10,860","18,462.00"
101097301,"OXICODONA CLORHIDRATO, 20MG TABLETA DE LIBERACION PROLONGADA, V.O.",2.89,0,0,0,0,0
101097401,"VORICONAZOL 200mg, tableta, V.O.",5.35,"12,540",90,120,"12,750","68,212.50"
101097501,"ABACAVIR 300mg, tableta, V.O.",0.56,"29,940","15,120","3,120","48,180","26,980.80"
101097601,"TIZANIDINA CLORHIDRATO 4mg, tableta, V.O.",0.83,"109,710",0,0,"109,710","91,059.30"
101097701,"PANCREATINA, 150mg, equivalente a: Lipasa 10,000U, Amilasa 8,000U, Proteasa 600U, cápsula, V.O.",0.79,"345,800","5,000",0,"350,800","277,132.00"
101097801,"PRAMIPEXOL, 0.25 MG, TABLETA RANURADA, V.O.",0.55,0,0,0,0,0
101097901,"PRAMIPEXOL, 1.0  MG, TABLETA RANURADA, V.O.",0.65,0,0,0,0,0
101098001,"ACIDO ALENDRONICO (ALENDRONATO SODICO TRIHIDRATADO) 70mg, tableta, V.O.",0.51,0,0,0,0,0
101098901,"FINGOLIMOD 0.5mg, cápsula, V.O.",48.67,0,0,0,0,0
101099501,"EVEROLIMUS 0.5mg, tableta, V.O.",5.7,"59,160","9,180",0,"68,340","389,538.00"
101099601,"CABERGOLINA, 0.5MG, TABLETA V.O.",1.9,0,0,0,0,0
101099901,"ABIRATERONA 250mg, tableta, V.O.",2.49,"55,080",0,"61,920","117,000","291,330.00"
101100001,"LENALIDOMIDA 10mg, tableta o cápsula, V.O.",51.54,"2,583",0,0,"2,583","133,127.82"
101100101,"LENALIDOMIDA 25mg, tableta o cápsula, V.O.",53.54,483,798,"1,218","2,499","133,796.46"
101100201,"DAPSONA 100mg, tableta, V.O.",0.97,0,0,0,0,0
101100401,"DARUNAVIR ETANOLATO 600mg, tableta, V.O.",1.09,"47,040",0,0,"47,040","51,273.60"
101100901,"DULOXETINA, 60mg, capsula o tableta, V.O.",1.53,"1,400",0,"162,624","164,024","251,284.77"
101101001,"ESCITALOPRAM 10mg, tableta, V.O",0.08,0,0,0,0,0
101101101,"NILOTINIB, 150mg, cápsula, V.O.",42,"9,408",0,0,"9,408","395,136.00"
101101201,"PARICALCITOL 2mcg capsula, V.O.",11.22,"1,800",0,0,"1,800","20,196.00"
101101301,"ZOLPIDEM, 6.25mg, tableta de liberacion prolongada, V.O.",1.94,"376,191","1,392","5,775","383,358","743,714.52"
101101401,"ZOLPIDEM, 12.5MG, TABLETA DE LIBERACIÓN PROLONGADA, V.O.",1.96,"4,032",0,0,"4,032","7,902.72"
101104301,"BICTEGRAVIR 50mg/EMTRICITABINA 200mg/TENOFOVIR 25mg Cápsula o Comprimido, V.O.",2.97,"1,030,500","4,200","179,370","1,214,070","3,605,787.90"
101104601,"FLUCONAZOL 150200mg, tableta o cápsula, V.O.",0.21,0,0,0,0,0
102000702,"METOCLOPRAMIDA 5mg/ml, solución, I.M., I.V.",0.11,"446,602","7,894","12,108","466,604","51,326.44"
102000901,"AGUA ESTERIL, para inyectable, vial o bolsa multiuso con sello de seguridad, 50100ml.",1.27,"116,572",0,"26,640","143,212","181,879.24"
102001302,"FLUFENAZINA DECANOATO 25mg/ml, solución, I.M.",6.44,"6,780","1,920","1,742","10,442","67,246.48"
102001901,"INMUNOGLOBULINA ANTID HUMANA 125150mcg/ml o su equivalente en UI, solución, vial I.M.",50,504,48,0,552,"27,600.00"
102002101,"DIFENHIDRAMINA 10mg/ml, solución, I.M., I.V.",0.9,"182,648","16,980","7,530","207,158","186,442.20"
102002701,"ESCOPOLAMINA BUTILBROMURO (HIOSCINA) 20mg/ml, solución, I.M., I.V.",0.33,"4,460",0,"2,001","6,461","2,132.13"
102003001,"CALCIO GLUCONATO 10%, solución, I.V.",0.75,"144,624","2,984","27,991","175,599","131,699.25"
102003801,"CLORFENIRAMINA MALEATO 10mg/ml,  solución, I.M., I.V.",0.35,"30,980","16,935","23,860","71,775","25,049.48"
102004401,"DEXAMETASONA FOSFATO SÓDICO (LIBRE DE ALCOHOL BENCÍLICO) 4mg/ml, solución, I.M., I.V.",0.3,400,"2,952","163,330","166,682","50,171.28"
102004601,"DEXTROSA EN AGUA, al 5% en SOLUCIÓN SALINA al 0.9%, solución, envase plástico (bolsa o frasco) con equipo adaptable desechable para Infusión Intravenosa, 500ml.",0.57,576,"9,980","14,396","24,952","14,222.64"
102004701,"DEXTROSA EN AGUA, al 5% en SOLUCIÓN SALINA al 0.9%, solución, envase plástico (bolsa o frasco), con equipo adaptable desechable para Infusión Intravenosa, 1,000ml.",0.69,"57,192","16,444","31,000","104,636","72,198.84"
102004801,"DEXTROSA EN AGUA, al 5%, solución, envase plástico (bolsa o frasco), con equipo adaptable desechable para Infusión Intravenosa, 500ml.",0.67,"32,524","5,800","34,992","73,316","49,121.72"
102004901,"DEXTROSA EN AGUA, al 5%, solución, envase plástico (bolsa o frasco), con equipo adaptable desechable para Infusión intravenosa, 1,000ml.",1.23,"151,504","15,700",612,"167,816","206,413.68"
102005001,"DEXTROSA EN AGUA, al 10%, solución, envase plástico (bolsa o frasco), con equipo adaptable desechable para Infusión Intravenosa, 500 ml. I.V.",0.64,"51,672","1,652","1,520","54,844","35,100.16"
102005302,"DEXTROSA al 50%, solución, vial o frasco o bolsa, 50100ml, I.V.",0.57,"114,602","14,108","90,800","219,510","125,120.70"
102005901,"EFEDRINA SULFATO 2560mg/ml, solución,  I.V.",5.35,0,0,0,0,0
102007401,"NALOXONA 0.4mg/ml, solución, I.M., I.V., S.C.",1.78,0,500,0,500,890
102008501,"BLEOMICINA SULFATO 15U,  polvo liofilizado, S.C., I.M., I.V.",59.5,256,200,0,456,"27,132.00"
102008901,"DOXORUBICINA CLORHIDRATO 10mg50mg, polvo liofilizado o solución, I.V.",5.22,0,0,0,0,0
102009401,"RINGER LACTATO, solución, envase plástico (bolsa o frasco), con equipo adaptable desechable para Infusión Intravenosa 1,000ml.",0.71,0,0,0,0,0
102010701,"RINGER LACTATO, solución, envase plástico (bolsa o frasco), con equipo adaptable desechable para Infusión Intravenosa, 500ml.",0.59,"20,672",864,"14,937","36,473","21,519.07"
102011701,"MAGNESIO SULFATO 10%, solución, I.V.",0.21,"15,441","9,984","30,374","55,799","11,717.79"
102011801,"PETIDINA (MEPERIDINA) 50mg/ml, solución, I.M., I.V.",2.22,0,0,"1,240","1,240","2,752.80"
102013401,"NOREPINEFRINA BITARTRATO (sal), equivalente a NOREPINEFRINA (base) 1mg/ml, solución, I.V.",0.79,"1,688","3,180",0,"4,868","3,845.72"
102013601,"BENCILPENICILINA BENZATÍNICA 2,400,000UI, polvo liofilizado, I.M.",0.94,0,0,200,200,188
102013701,"ANTAGONISTAS DE RECEPTORES 5HT3: ONDANSETRÓN CLORHIDRATO 2mg/ml, solución, I.V., o TROPISETRÓN 1mg/ml, solución,I.V., o GRANISETRÓN 1mg/ml, solución, I.V.",0.51,"6,942",0,"1,010","7,952","4,047.57"
102013801,"OLIGOELEMENTOS o ELEMENTOS TRAZAS PARA PEDIATRÍA CON ZINC, COBRE, MANGANESO, solución, I.V.",2.6,556,0,0,556,"1,445.60"
102013901,"ATRACURIO BESILATO 10mg/ml, solución, I.V.",1,0,0,0,0,0
102014001,"BENCILPENICILINA SÓDICA 1,000,000UI, polvo liofilizado, I.V.",0.58,"19,304",876,"46,744","66,924","38,815.92"
102014101,"BENCILPENICILINA PROCAÍNICA 600,000 ? 800,000UI, con o sin BENCILPENICILINA cristalina SÓDICA o POTÁSICA, polvo liofilizado, I.M.",0.3,"395,300","43,820","48,300","487,420","146,226.00"
102014501,"VASOPRESINA ACUOSA 10U/0.5ml, solución, S.C., I.M., I.V.",4,"4,618",0,0,"4,618","18,472.00"
102014901,"POTASIO CLORURO 2mEq/ml, solución, I.V.",0.44,"103,313","18,310","26,290","147,913","65,081.72"
102016401,"NEOSTIGMINA METILSULFATO 0.5mg/ml, solución, I.M., I.V., S.C.",1.31,0,0,0,0,0
102017101,"METILPREDNISOLONA ACETATO o TRIAMCINOLONA ACETONIDO o DIACETATO: 40mg/ml, solución, Intramuscular; Intraarticular, Tejidos Blandos e Intralesional.",2.26,0,0,0,0,0
102017401,"SODIO CLORURO, al 0.9%, solución, envase plástico (bolsa o frasco), con equipo adaptable desechable para Infusión Intravenosa, 500ml.",0.64,"910,264","68,760","125,280","1,104,304","706,754.56"
102017602,"SODIO CLORURO, al 0.9%, solución, envase plástico (bolsa o frasco), con equipo adaptable desechable para Infusión Intravenosa, 1,000ml.",0.83,"452,040","67,500","32,556","552,096","458,239.68"
102018101,"SODIO BICARBONATO 7.5%, solución hipertónica, I.V.",1.75,"33,932","28,400","2,018","64,350","112,612.50"
102019001,"SODIO CLORURO 2025%, solución hipertónica, I.V.",15,"5,794","3,642","17,024","26,460","396,873.54"
102019101,"HIDROCORTISONA SUCCINATO SÓDICO 50mg/ml, polvo liofilizado, I.M., I.V.",1.07,"15,550","12,570","7,710","35,830","38,302.27"
102020101,"OXITOCINA SINTÉTICA 510UI/ml, solución, I.V.",0.14,"390,000","17,500","44,710","452,210","62,857.19"
102022701,"CIANOCOBALAMINA 1,000mcg/ml, solución, I.M.",0.16,"1,270","10,930","36,980","49,180","7,770.44"
102023801,"AMPICILINA SÓDICA 1g, polvo liofilizado, I.M., I.V.",0.18,"3,880","9,300",0,"13,180","2,359.22"
102023901,"BIPERIDENO LACTATO 5mg/ml, solución, I.M., I.V.",2.03,0,0,0,0,0
102025001,"VINBLASTINA SULFATO 10mg, polvo liofilizado, I.V.",38.93,260,0,0,260,"10,121.80"
102026001,"CITARABINA 100mg, polvo liofilizado, I.V.",7.66,"36,468",0,0,"36,468","279,344.88"
102026801,"LIGNOCAÍNA (LIDOCAÍNA) 2%, con preservativo, solución, I.M., I.V.",1.19,0,0,0,0,0
102027801,"MEDROXIPROGESTERONA, larga acción, 150mg/ml, solución, I.M.",2.96,"6,172","5,204","11,968","23,344","69,098.24"
102030701,"FENTANILO 0.05mg/ml, I.M., I.V.",0.5,"1,066,111","97,950","107,300","1,271,361","634,409.14"
102031702,"FUROSEMIDA 10mg/ml, solución,  I.M., I.V.",0.11,"257,070","49,415","250,940","557,425","61,316.75"
102032401,"ATROPINA SULFATO 1mg/ml, solución,  S.C., I.M., I.V.",0.52,"6,255",400,30,"6,685","3,476.20"
102033301,"GENTAMICINA SULFATO 40mg/ml, solución, I.M., I.V.",0.17,"2,468","17,075","15,720","35,263","5,994.71"
102037201,"KETAMINA 50mg/ml, solución, I.M., I.V.",3.14,791,"1,664",0,"2,455","7,708.70"
102037401,"CICLOFOSFAMIDA 500mg?1g,  polvo liofilizado, I.V.",8.88,"6,330",39,0,"6,369","56,556.72"
102037601,"MANITOL 20%, solución para Infusión Intravenosa, con equipo adaptable desechable I.V., (con filtro).",0.75,"9,416","2,741","13,024","25,181","18,885.75"
102040101,"HALOPERIDOL 5mg/ml, solución, I.M.",0.76,"6,300","6,380",394,"13,074","9,910.09"
102041301,"HIDRALAZINA CLORHIDRATO 20mg/ml, polvo o solución, I.M., I.V.",8.63,"30,724",710,"11,710","43,144","372,332.72"
102041901,"OXACILINA SÓDICA 1g, polvo liofilizado, I.V.",0.21,"308,300","24,600","64,600","397,500","83,475.00"
102042601,"DACARBAZINA CITRATO  200mg, polvo liofilizado, I.V.",6.77,0,0,0,0,0
102043901,"AMIKACINA SULFATO 250 MG/ML, solución, I.M., I.V.",1.6,"26,796","5,292","12,480","44,568","71,308.80"
102044201,"BUPIVACAÍNA CLORHIDRATO 0.5%, solución, Vía Parenteral.",1.55,"1,098",0,100,"1,198","1,856.90"
102044501,"DICLOFENACO SÓDICO 25mg/ml, solución, I.M. o I.M./I.V.",0.08,0,0,0,0,0
102045001,"AMINOÁCIDOS CRISTALINOS al 10%, solución, 500ml, I.V.",5.88,"8,100","3,170","6,680","17,950","105,546.00"
102045101,"DOPAMINA CLORHIDRATO 4050mg/ml, solución, I.V.",1.25,0,0,0,0,0
102045401,"VERAPAMILO CLORHIDRATO 5mg, solución, I.V.",3.54,0,864,30,894,"3,164.76"
102045801,"MITOMICINA 5mg, polvo liofilizado, I.V.",20.76,0,0,0,0,0
102047001,"DIPIRONA CON SALES MAGNÉSICAS 2g/5ml, solución, I.M., I.V.",0.54,"518,304","154,870","350,300","1,023,474","552,675.96"
102047601,"FENITOÍNA SÓDICA 50mg/ml, solución, I.V.",0.02,0,0,0,0,0
102048101,"AMINOFILINA 25mg/ml, solución, I.V.",0.4,"15,170",550,100,"15,820","6,328.00"
102048201,"ADRENALINA CLORURO (EPINEFRINA) 1:1,000, 1mg/ml, solución, 1ml, S.C. I.M. I.V.",0.45,"135,176","14,489","24,425","174,090","78,340.50"
102048301,"ISOPROTERENOL 0.2mg/ml, solución, I.V.",22,0,0,0,0,0
102048601,"PROPRANOLOL CLORHIDRATO 1mg/ml, solución, I.V.",10.97,"2,556",440,880,"3,876","42,519.72"
102048801,"ACETILCOLINA CLORURO 1:100 o CARBACOL 0.01%, solución estéril, Vía Oftálmica.",28,592,0,48,640,"17,920.00"
102049301,"DIGOXINA 0.25mg/ml, solución, I.V.",3.59,"1,721",80,"1,722","3,523","12,647.57"
102051901,"ALBÚMINA HUMANA POBRE EN SODIO 10g/50ml (20%) ó 12.5g/50ml (25%), solución,  I.V.",23,"3,052","4,980","5,100","13,132","302,036.00"
102052401,"DIMENHIDRINATO 10mg/ml, solución, I.V.",1.42,0,0,"15,220","15,220","21,612.40"
102052601,"FITOMENADIONA (VITAMINA K) 10mg/ml, solución, I.M., I.V.",0.98,0,104,790,894,876.12
102053001,"AMINOCAPRÓICO ÁCIDO 250mg/ml, solución, I.V.",35,40,104,"2,260","2,404","84,140.00"
102053201,"HEPARINA SÓDICA 5,000UI/ml, solución, I.V., S.C.",3.07,"23,780","14,400","32,960","71,140","218,399.80"
102053501,"PROTAMINA CLORHIDRATO o SULFATO 10mg/ml ó 1,000U/ml, solución, I.V.",9.52,"29,212",135,0,"29,347","279,383.44"
102053901,"METOTREXATE 25mg/ml, solución isotónica parenteral libre de preservativos, I.M., I.T., I.V.",5.71,"8,110",520,370,"9,000","51,426.00"
102054301,"VINCRISTINA SULFATO 1mg, polvo liofilizado o solución, I.V.",11.34,200,0,50,250,"2,835.00"
102055301,"ANFOTERICINA B 50mg, polvo liofilizado, I.V.",5.19,"4,067",35,"1,215","5,317","27,595.23"
102055501,"CEFALOTINA SÓDICA 1g, polvo liofilizado, I.V.",0.69,"465,700","5,600","29,550","500,850","345,586.50"
102059001,"SUERO ANTIOFÍDICO, POLIVALENTE, (QUE INCLUYE ANTIB  ASPER/ATROX), CON ANTILAQUÉSICO, solución, vial, 10ml, I.V.",41.48,"6,884","2,387","3,330","12,601","522,689.48"
102059401,"DIAZEPAM 5mg/ml, solución, I.M., I.V.",1.42,"64,654",907,924,"66,485","94,408.70"
102059601,"SUXAMETONIO (SUCCINILCOLINA) CLORURO 50mg/ml, polvo liofilizado, I.V.",13.08,"1,607",435,"1,220","3,262","42,666.96"
102060101,"CISPLATINO 10mg, polvo liofilizado o solución, I.V.",6.98,"1,554",0,230,"1,784","12,452.32"
102060301,"CLINDAMICINA FOSFATO 150mg/ml, solución, I.M., I.V.",0.32,"118,385","54,000","37,300","209,685","67,099.20"
102061601,"METILPREDNISOLONA SUCCINATO SÓDICO 500mg polvo liofilizado o solución, I.V.",3.63,"9,188","13,264","11,848","34,300","124,509.00"
102062401,"SALINA BALANCEADA, solución estéril, Uso Intraocular.",9,"4,132",144,150,"4,426","39,834.00"
102062501,"CEFTRIAXONA SÓDICA 500mg, polvo liofilizado, con diluyente lidocaína 1%, I.M.",2.17,"22,456","7,708","8,008","38,172","82,833.24"
102062701,"CEFTRIAXONA SÓDICA 1g, polvo liofilizado, I.V.",0.29,0,0,0,0,0
102062801,"CEFOXITINA SÓDICA 1g, polvo liofilizado, I.V.",1.42,"19,800","17,580","16,600","53,980","76,597.62"
102063001,"DOBUTAMINA 250mg, solución, I.V.",2.73,"7,986","1,020","4,420","13,426","36,652.98"
102063201,"VANCOMICINA 500mg, polvo liofilizado, I.V.",0.88,0,"35,700","14,950","50,650","44,521.35"
102064001,"ASPARAGINASA 10,000UI, polvo liofilizado, I.V.",66.5,0,0,0,0,0
102064701,"ETOPÓSIDO 20mg/ml, solución, I.V.",5.11,0,0,0,0,0
102066301,"CEFOTAXIMA 1g, polvo liofilizado, I.V.",0.28,"22,970","18,490","220,800","262,260","74,481.84"
102066801,"MORFINA CLORHIDRATO o SULFATO 10mg/ml, solución, S.C., I.M., I.V.",0.38,"80,140","16,740","24,980","121,860","46,672.38"
102069001,"METRONIDAZOL 500mg, solución, I.V.",0.34,"218,026","10,050","84,050","312,126","106,122.84"
102070601,"EMULSIÓN DE LÍPIDOS DE CUARTA GENERACIÓN: ACEITE DE SOYA 4060g/1000ml, TRIGLICÉRIDOS DE CADENA MEDIA 4060g/1000ml, ACEITE DE OLIVA 4060g/1000ml, ACEITE DE PESCADO RICO EN OMEGA3 2030g/1000ml, bolsa plástica o frasco, 500ml, I.V.",35,980,160,440,"1,580","55,300.00"
102072101,"CEFTAZIDIMA 1g, polvo liofilizado, I.M., I.V.",0.69,"36,558","13,050","15,320","64,928","44,605.54"
102072301,"INSULINA NPH (HUMANA) 100UI/ml, suspensión, S.C.",3.64,"218,650","6,390","1,420","226,460","824,314.40"
102072401,"INSULINA REGULAR (HUMANA) 100UI/ml,  solución, S.C., I.V.",3.8,"103,066","4,240","2,140","109,446","415,894.80"
102072601,"INMUNOGLOBULINA 510g, polvo liofilizado o solución, I.V.",367,"10,050",0,"1,880","11,930","4,378,310.00"
102073001,"PROPOFOL 10mg/ml, emulsión, I.V.",1.18,"6,540","19,751","15,308","41,599","49,086.82"
102073301,"ACICLOVIR 25mg/ml, polvo liofilizado, I.V.",2.19,"12,780",250,150,"13,180","28,864.20"
102073401,"ERITROPOYETINA 2,000UI, solución, polvo liofilizado, S.C., I.V.",1.64,"303,577","28,873","71,450","403,900","662,396.00"
102073501,"IFOSFAMIDA 1g, polvo liofilizado, I.V.",11.25,20,0,0,20,225
102073601,"MESNA 100mg/ml, solución, I.V.",3.73,0,0,0,0,0
102073701,"MIDAZOLAM 5mg/ml, solución, I.V.",0.69,"79,211","51,100","38,840","169,151","116,714.19"
102074001,"LEUCOVORINA CÁLCICA (ACIDO FOLÍNICO) 50mg, polvo liofilizado o solución, I.M., I.V.",4.7,0,0,0,0,0
102074201,"FACTOR VIII ANTIHEMOFÍLICO HUMANO DE ORIGEN PLASMÁTICO CON O SIN FACTOR DE VON WILLEBRAND, con doble inactivación viral o inactivación viral y eliminación viral 2501,000UI, solución o polvo, vial,  I.V.",60.25,"2,846",20,700,"3,566","214,851.50"
102074301,"GLICERIL TRINITRATO (NITROGLICERINA) 5mg/ml, solución, I.V.",7.45,"4,983",950,"1,120","7,053","52,544.85"
102074401,"COMPLEJO PROTROMBÍNICO, con un mínimo de 200UI de FACTOR IX, solución o polvo liofilizado, I.V.",144.5,600,0,0,600,"86,700.00"
102075001,"CARBAPENEM: IMIPENEM 500mg con CILASTATINA 500mg, polvo liofilizado, I.V.",2.4,"26,806",498,"2,900","30,204","72,489.60"
102075301,"GANCICLOVIR 500mg, polvo liofilizado, I.V.",57,0,0,0,0,0
102075401,"SURFACTANTE PULMONAR: COLFOSCERILO PALMITATO o FOSFOLÍPIDO 100240mg, suspensión, Vía Endotraqueal.",147.72,"1,351",16,12,"1,379","203,705.88"
102075501,"NIMODIPINA 10mg/50ml, solución, I.V.",6,756,340,"3,456","4,552","27,312.00"
102075601,"OCTREOTIDE 0.1mg, solución, I.V., S.C.",2.88,295,0,0,295,849.6
102075701,"SODIO CLORURO, 0.9%,  solución, envase plástico (bolsa o frasco), 3,000ml, I.V.",4.81,0,"1,040",0,"1,040","5,004.48"
102075901,"FLUMAZENIL 0.1mg/ml, solución, I.V.",3.65,"3,315","1,210",0,"4,525","16,516.25"
102076101,"CARBOPLATINO 150mg,  polvo liofilizado o solución, I.V.",35,"1,751",0,0,"1,751","61,285.00"
102076401,"INMUNOGLOBULINA 2.53g, polvo liofilizado o solución, I.V.",183.5,"1,611",0,0,"1,611","295,618.50"
102077101,"CIPROFLOXACINA LACTATO 200mg, solución, I.V",0.37,"273,264","9,420","61,020","343,704","127,170.48"
102077201,"FLUCONAZOL 2mg/ml, solución, I.V.",0.94,0,420,0,420,394.8
102077301,"HEPARINA DE BAJO PESO MOLECULAR, CON ACTIVIDAD ANTIXa  2,5004,000UI, solución, jeringa prellenada, S.C.",3.47,"587,138","22,178","4,320","613,636","2,129,316.92"
102077501,"CEFEPIME 1g, polvo liofilizado, I.V.",0.84,"69,020",900,"13,320","83,240","69,921.60"
102077801,"FACTOR ESTIMULANTE DE COLONIAS DE GRANULOCITOS (GCSF): FILGRASTIM 300mcg, solución, S.C., I.V.",14,"15,339","1,250",800,"17,389","243,446.00"
102077901,"MEROPENEM 1g, polvo liofilizado, I.V.",3.11,"49,048","13,410","4,600","67,058","208,550.38"
102078001,"PIPERACILINA 4g con TAZOBACTAM 500mg, polvo liofilizado, I.V.",1.78,"298,200","38,790","64,270","401,260","714,242.80"
102078101,"AMINOÁCIDOS CRISTALINOS al 10%, con CISTEÍNA, HISTIDINA, TAURINA y TIROSINA, solución, 250500ml, I.V.",10,"2,820",0,0,"2,820","28,200.00"
102078201,"DEXTROSA HIPERTÓNICA 50% a 70%, solución, 500ml a 2,000ml, I.V.",7.97,0,160,0,160,"1,275.20"
102078301,"OLIGOELEMENTOS o ELEMENTOS TRAZAS PARA ADULTOS CON ZINC, COBRE, MANGANESO Y CROMO, solución, I.V.",12.1,0,0,0,0,0
102078401,"POTASIO FOSFATO 3mmol/ml, solución, I.V.",13.58,0,0,0,0,0
102078501,"AGUA ESTÉRIL, frasco o bolsa, 1,0004,000ml, Vía Parenteral.",1.13,"11,636","1,432","55,979","69,047","78,161.20"
102078701,"OMEPRAZOL, 40MG, POLVO LIOFILIZADO, I.V.",0.43,"115,978","35,421","50,091","201,490","86,640.70"
102079001,"HIERRO NO DEXTRÁN, 1020MG/ML, SOLUCIÓN, I.V.",1.97,"46,570","41,500","6,310","94,380","185,928.60"
102079101,"TIROFIBAN CLORHIDRATO 0.25mg/ml, solución, I.V.",10,0,0,0,0,0
102079201,"DEXTROSA EN AGUA, AL 5% EN SOLUCIÓN SALINA AL 0.33%, SOLUCIÓN, ENVASE PLÁSTICO (BOLSA O FRASCO), CON EQUIPO ADAPTABLE DESECHABLE PARA INFUSIÓN INTRAVENOSA, 500ML.",0.41,"67,522","26,004","25,920","119,446","48,972.86"
102079301,"AMIODARONA 50mg/ml, solución, I.V.",2.34,0,0,0,0,0
102079401,"ADENOSINA, 3MG/ML, SOLUCIÓN, . I.V.",5.18,"1,304",496,778,"2,578","13,354.04"
102079501,"LEVOFLOXACINA, 500MG, SOLUCIÓN, I.V.",0.98,"9,218","6,660","6,970","22,848","22,391.04"
102079601,"METOTREXATE, 1G, SOLUCIÓN , I.M., I.T., I.V.",60.67,"3,857",0,0,"3,857","234,004.19"
102079701,"CITARABINA 500mg1000mg, polvo estéril para solución inyectable, I.V. Infusión I.V., S.C., Intratecal.",17.29,681,0,0,681,"11,774.49"
102079801,"GEMCITABINA CLORHIDRATO 1g, polvo liofilizado,  I.V.",22.56,320,0,0,320,"7,219.20"
102080001,"ROCURONIO BROMURO 10mg/ml, solución, I.V.",2.88,"8,952","5,152","5,924","20,028","57,680.64"
102080201,"DEXTROSA EN AGUA, AL 5% EN SOLUCIÓN SALINA AL 0.45%, SOLUCIÓN, ENVASE PLÁSTICO (BOLSA O FRASCO), CON EQUIPO ADAPTABLE DESECHABLE PARA INFUSIÓN INTRAVENOSA, 500ML.",0.88,"21,423",0,"5,600","27,023","23,780.24"
102080301,"BASILIXIMAB, 20MG, POLVO LIOFILIZADO, I.V.","1,398.50",42,0,0,42,"58,737.00"
102080401,"LEUPRORELINA (LEUPROLIDE) ACETATO, 11.25MG, POLVO LIOFILIZADO, S.C., I.M.",226.83,0,0,"1,725","1,725","391,281.75"
102080801,"RITUXIMAB 100mg, solución, I.V.",60.72,"1,716",0,360,"2,076","126,054.72"
102080901,"EPOETINA  (ERITROPOYETINA)  20,00050,000UI, solución o polvo, S.C., I.V.",95,"1,850",0,0,"1,850","175,750.00"
102081101,"ZOLEDRÓNICO ÁCIDO 4mg, solución, I.V.",18.5,155,748,150,"1,053","19,480.50"
102081301,"INTERFERON BETA 1B, 250 MCG (8 MILLONES UI)/ML, POLVO LIOFILIZADO, SC.",90,"2,505",135,0,"2,640","237,600.00"
102081401,"Interferon beta 1a, 44mcg (12 millones UI), solución, sin albúmina, S.C.",115.17,"8,348",144,"1,200","9,692","1,116,227.64"
102081501,"Interferon beta 1a, 30mcg (6 millones UI), polvo liofilizado, I.M.",286,"1,644",60,48,"1,752","501,072.00"
102081701,"RITUXIMAB 500mg, solución, I.V.",181.22,"3,768",706,360,"4,834","876,017.48"
102081801,"MEGLUMINA ANTIMONIATO 1.5g/5ml, sal activa en solución 81mg/ml,  I.M., I.V.",0.74,"6,516",240,"7,510","14,266","10,556.84"
102082101,"INSULINA ANÁLOGA DE ACCIÓN PROLONGADA GLARGINA, 100UI/ml, solución, S.C.",42.9,"20,020","21,360","20,555","61,935","2,657,011.50"
102082201,"TOCILIZUMAB 20mg/ml, solución concentrada, I.V.",260,"15,436",820,0,"16,256","4,226,560.00"
102082301,"Tigeciclina clorhidrato, 50mg, polvo liofilizado, I.V.",11.62,"2,410","1,070",470,"3,950","45,899.00"
102082401,"Ertapenem, 1g, polvo liofilizado para solución inyectable, I.M., I.V.",49.66,"38,668","3,424","6,080","48,172","2,392,221.52"
102090601,"Trimetoprin 16mg con Sulfametoxazol 80mg/ml, solución, I.V.",14.48,0,0,0,0,0
102090701,"Octreotide, 20mg, acción prolongada, polvo liofilizado, I.M.",490.2,210,250,432,892,"437,258.40"
102090801,"Labetalol Hidrocloruro 5mg/ml, solucion, I.V.",17.68,"15,990","8,360",200,"24,550","434,044.00"
102091201,"Busulfano, 6mg/ml, solución, I.V.",319,960,0,0,960,"306,240.00"
102091301,"CASPOFUNGINA 50mg, polvo liofilizado, I.V.",39.5,"5,818","1,998",992,"8,808","347,916.00"
102091401,"CICLOSPORINA 50mg/ml, solución, I.V.",9.9,"1,560",0,0,"1,560","15,444.00"
102091601,"DAUNORUBICINA HIDROCLORURO 20mg, polvo liofilizado, I.V.",50,0,0,0,0,0
102091701,"Etanercept,  50mg, S.C.",169.97,"15,156","1,880","5,036","22,072","3,751,577.84"
102091801,"Factor VIII rico en Factor Von Willebrand, 250500UI, polvo liofilizado, vial, I.V.",60,"1,003",0,0,"1,003","60,180.00"
102092101,"Heparina bajo peso molecular (Enoxaparina Sódica), actividad antiXa 8,000UI, solución, jeringa prellenada, 0.8ml, S.C.",5.89,"10,340","18,044","3,840","32,224","189,799.36"
102092301,"Infliximab, 100mg, polvo liofilizado, I.V.",144.3,"3,002",24,606,"3,632","524,097.60"
102092501,"LEVOBUPIVACAÍNA CLORHIDRATO 5mg/ml, solución, Vía Parenteral.",3.23,0,0,0,0,0
102092601,"Linezolid, 600mg, solución, I.V.",7.95,"25,190","1,530","3,460","30,180","239,931.00"
102092701,"MELFALANO CLORHIDRATO 50mg, polvo liofilizado, I.V.",125,264,0,0,264,"33,000.00"
102092801,"Milrinona, 1mg/ml, solución, I.V.",12.78,560,0,90,650,"8,307.00"
102092901,"Paricalcitol, 5mcg/ml, solución, I.V.",1.65,"26,200","79,580","8,520","114,300","188,595.00"
102093001,"POLIMIXINA B SULFATO 500,000UI, polvo o solución, I.M., I.V.",13.01,"26,424",40,"7,640","34,104","443,693.04"
102093201,"Teicoplanina, 400mg, polvo liofilizado, I.M, I.V.",20.87,"1,692","1,128","1,179","3,999","83,459.13"
102093301,"TOXINA BOTULÍNICA TIPO A 100UI, polvo, I.M.",265.8,0,0,80,80,"21,264.00"
102093401,"Tramadol clorhidrato, 50mg/ml, solucion, I.V.",0.14,"108,931","33,852","102,744","245,527","34,373.78"
102093601,"LEVOSIMENDAN 2.5mg/ml, solución, I.V.",633,336,0,0,336,"212,688.00"
102093901,"BORTEZOMIB 3.5mg,  polvo liofilizado,  I.V., S.C.",35,"1,404",0,0,"1,404","49,140.00"
102094101,"Aminoácidos, al 13.4%, enriquecido con Glutamina, solución, 5001,000ml, I.V.",65,"3,920",132,800,"4,852","315,380.00"
102094201,"Dipéptido AlaninaGlutamina, al 20%, solución, frasco, 100ml, I.V.",49,0,0,0,0,0
102094501,"Dornase Alfa (Desoxirribonucleasa), 1mg/ml, solución, nebulización",43.33,"12,948",0,0,"12,948","561,036.84"
102094601,"DEXTROSA EN AGUA al 5%, solución, bolsa plástica con dos salidas, con equipo adaptable desechable para Infusión Intravenosa, 50ml.",0.52,0,"3,028",0,"3,028","1,574.56"
102094701,"DEXTROSA EN AGUA al 5%, solución, bolsa plástica con dos salidas, con equipo adaptable desechable para Infusión Intravenosa, 100ml.",0.56,0,0,0,0,0
102094901,"LIDOCAÍNA 2%, solución sin preservativo, Vía Infiltración Local, Troncular, Peridural, I.M., I.V.",2.25,"33,898","1,660",0,"35,558","80,005.50"
102095001,"Desmopresina acetato, 15 mcg/ml, solución, I.V., S.C.",60.5,300,480,300,"1,080","65,340.00"
102095101,"Insulina Análoga Lispro, 100 UI/ml, solucion, I.V.",31.12,"3,006",678,804,"4,488","139,666.56"
102095201,"Suero antiofídico anticoral (contra Micrurus nigrocintus Micrurus fulvius y Micrurus d. arinicaudus), solución o polvo liofilizado, ampolla o vial, 10ml, I.M., I.V.",51.6,13,5,2,20,"1,032.00"
102095301,"Icodextrina, 7.5%, solución, intraperitoneal",21.5,"49,504","5,376","29,076","83,956","1,805,054.00"
102095501,"TESTOSTERONA UNDECANOATO 1,000mg, solución, I.M.",70,"1,903",25,0,"1,928","134,960.00"
102095601,"Hormona de crecimiento (somatropina), 516 mg, solución o polvo con diluyente, S.C.",62.4,"2,176",160,0,"2,336","145,766.40"
102095701,"Palivizumab 100 mg/ml, polvo liofilizado o solución, I.M.","1,131.22",914,4,50,968,"1,095,020.96"
102096001,"Derivados de Acido Hialurónico de alto peso molecular (mayor de 4 millones de Daltons), solución, uso via intraarticular.",106.16,0,0,0,0,0
102096101,"FACTOR IX, 600 UI, POLVO Y DISOLVENTE PARA SOLUCIÓN INYECTABLE O PARA PERFUSIÓN, I.V. / FACTOR IX, 50600 UI/ml, POLVO Y DISOLVENTE PARA SOLUCION INYECTABLE O PARA PERFUSION, I.V.",390,"1,624",93,0,"1,717","669,630.00"
102096301,"AZACITIDINA 100mg, polvo  para preparación inyectable o para perfusión, S.C., I.V.",173.6,489,0,0,489,"84,890.40"
102096401,"NATALIZUMAB, 300 MG CONCENTRADO PARA SOLUCIÓN PARA PERFUSIÓN, I.V.","2,940.00",98,0,0,98,"288,120.00"
102096501,"ADALIMUMAB, 40mg, solución inyectable, S.C.",139.32,"11,947",330,660,"12,937","1,802,382.84"
102097801,"ALTEPLASA (rtpA) 50mg, polvo liofilizado, I.V.",447.75,308,126,0,434,"194,323.50"
102097901,"FORMULACIÓN PARA ALIMENTACIÓN PARENTERAL EN BOLSA DE TRES CÁMARAS: NUTRICIÓN PARENTERAL PERIFÉRICA COMPLETA: EMULSIÓN LIPÍDICA 20% GLUCOSA 11%  AMINOÁCIDO Y ELECTROLITOS; solución, bolsa, 1440 ml, I.V.; VEN: FALTA Origen de la Molécula: Síntesis Química.",53.94,"4,168",160,"1,632","5,960","321,482.40"
102098401,"LIDOCAÍNA CLORHIDRATO 2% con EPINEFRINA 1:100.000, solución, Infiltración Bucal.",0.25,500,250,"3,650","4,400","1,104.40"
102098501,"MEPIVACAÍNA CLORHIDRATO 3% (30mg/ml) SIN VASOCONSTRICTOR, solución, Infiltración Bucal.",0.26,"216,850","11,350",200,"228,400","59,612.40"
102098901,"DEXMEDETOMIDINA CLORHIDRATO 100mcg a 400mcg, solución, I.V.",12.22,"12,000",580,"5,500","18,080","220,937.60"
102099001,"BENDAMUSTINA, 100 MG, I.V.",107.15,"2,084",320,240,"2,644","283,304.60"
102099101,"BENDAMUSTINA, 25 MG, I.V.",57.9,"5,323",0,"1,432","6,755","391,114.50"
102099201,"GOSERELINA, 10.8MG, S.C.",400,"2,547","1,544",514,"4,605","1,842,000.00"
102099301,"FACTOR VII A RECOMBINANTE HUMANO 1mg a 2mg, I.V.","1,450.00",412,0,0,412,"597,400.00"
102099401,"SODIO CLORURO al 0.9%, solución, bolsa plástica con dos salidas, con equipo adaptable desechable para Infusión Intravenosa, 100ml.",0.5,"80,700","4,600","282,288","367,588","183,794.00"
102099901,"VORICONAZOL 200MG, POLVO, I.V.",14,520,600,0,"1,120","15,680.00"
102100001,"DEXKETOPROFENO 25mg/ml, solución para perfusión, I.V., I.M.",0.32,0,0,0,0,0
102100101,"PARACETAMOL 10mg/ml, solución para perfusión, I.V.",1.09,"1,000",55,"7,230","8,285","9,005.80"
102101601,"METOXIPOLIETILENGLICOL ERITROPOYETINA BETA 100mcg/0.3mL, solución, S.C.",155,"7,123","1,884","2,048","11,055","1,713,525.00"
102101701,"METOXIPOLIETILENGLICOL ERITROPOYETINA BETA, 50mcg/0.3mL, solución, S.C.",77.5,0,0,0,0,0
102102601,"OMALIZUMAB, 150mg, POLVO P/SOLU, S.C",540.3,350,0,900,"1,250","675,375.00"
103000101,"BUDESONIDA 160MG / FORMOTEROL FUMARATO DIHIDRATADO 4.5mcg, polvo o aerosol o suspensión para inahalación V.O.",35,"2,137",0,0,"2,137","74,795.00"
103000401,"ALUMINIO ACETATO ÁCIDO 0.050% 0.060%, loción, pH: 3.54.8, frasco, 120ml, Vía Tópica",0.93,0,0,0,0,0
103000501,"METOCLOPRAMIDA, 5MG/5ML, JARABE, FRASCO, 90125ML, V.O.",0.8,"36,144","48,080","56,714","140,938","112,750.40"
103000601,"DEXTROMETORFANO BROMHIDRATO 10mg/5ml, jarabe, frasco, 120ml, V.O.",0.62,"161,568","4,232","18,012","183,812","113,963.44"
103000701,"RUIBARBO 1.5% y SODIO 3.5%, mixtura, frasco, 120240ml, V.O.",1.5,0,0,0,0,0
103001801,"HALOPERIDOL 2mg/ml, gotas, solución, frasco cuentagotas o gotero calibrado, 15ml, V.O.",4.4,0,0,0,0,0
103002901,"CLORANFENICOL, 0.5%, GOTAS, SOLUCIÓN, FRASCO 515ML, VÍA OFTÁLMICA",3.7,0,0,0,0,0
103003201,"HIDROCORTISONA 0.252.5%, loción, frasco, 1530ml, Vía Tópica. (Corticoide de baja potencia).",3.9,0,0,0,0,0
103003401,"POLIMIXINA B, NEOMICINA, HIDROCORTISONA 1%, gotas, suspensión, frasco, 5ml, Vía Ótica.",14.2,0,0,0,0,0
103005501,"METACRESOLSULFÓNICO ÁCIDO con FORMALDEHÍDO (POLICRESULENO) 36  41%, líquido, frasco, 1025ml, Vía Tópica.",8.19,0,0,0,0,0
103005802,"HOMATROPINA METILBROMURO 5mg/5ml, elixir, frasco, 120ml, V.O.",0.87,0,0,"6,964","6,964","6,058.68"
103006801,"POTASIO GLUCONATO, 20MEQ/15ML, ELIXIR, FRASCO, 150200ML, V.O.",8.92,"4,269",0,"2,279","6,548","58,408.16"
103007501,"MUCILOIDES HIDROFÍLICOS DERIVADOS DE PLANTAGINACEAE (equivalente a un  mínimo de 49% de PSYLLIUM), polvo o cáscara, frasco, 200350g, V.O.",5.8,0,0,0,0,0
103007901,"ALUMINIO Y MAGNESIO HIDRÓXIDO, 5.98.3% DE HIDRÓXIDOS TOTALES, GEL O SUSPENSIÓN, FRASCO, 150240ML, V.O.                            ",1.2,0,"74,448",66,"74,514","89,416.80"
103009501,"PASIFLORA, 500MG/5ML, SOLUCIÓN, FRASCO, V.O.",5.5,"22,696","8,271","7,772","38,739","213,064.50"
103009901,"GUAYACOLATO DE GLICERILO, 100MG/5ML, JARABE, FRASCO, 120ML, V.O.",0.53,"43,536","3,712","19,466","66,714","35,358.42"
103010301,"ALUMINIO ACETATO ÁCIDO, (ACETATO DE CALCIO Y SULFATO DE ALUMÍNIO), POLVO, SOBRE,  23G, VÍA TÓPICA.",0.38,"593,440","85,800","45,200","724,440","275,287.20"
103012801,"TRIMETROPIN 40MG CON SULFAMETOXAZOL 200MG/5ML, SUSPENSIÓN  PEDIÁTRICA, FRASCO, 100120ML, V.O.",0.74,"39,692","7,098","8,024","54,814","40,288.29"
103015001,"ANTIHISTAMÍNICO CON DESCONGESTIONANTE NASAL: ANTIHISTAMÍNICO: BROMFENIRAMINA, 2MG/5ML, O CLORFENIRAMINA, 2MG/5ML, O DEXBROMFENIRAMINA, 1.5MG/5ML, O TRIPROLIDINA, 1.25MG/5ML CON DESCONGESTIONANTE NASAL: FENILEFRINA, 5MG/5ML, O PSEUDOEFEDRINA, 30MG/5ML, JARABE, FRASCO, 6090ML, V.O.",0.65,"136,854","90,856","52,008","279,718","181,816.70"
103015801,"HIDROXICINA, 0.2%, 10MG/5ML, JARABE, FRASCO, 180200 ML, V.O.",1.18,0,0,0,0,0
103016601,"CLORFENIRAMINA  MALEATO, 22.5MG/5ML, JARABE, FRASCO, 120ML,  V.O.",0.5,"113,464","5,707","2,401","121,572","60,664.43"
103018801,"HIERRO (SAL FERROSA), 25MG/ML DE HIERRO ELEMENTAL, GOTAS, FRASCO CON CUENTAGOTAS O GOTERO CALIBRADO, 1530ML, V.O.",4.89,"21,910","44,358","1,068","67,336","329,273.04"
103019701,"PARACETAMOL (ACETAMINOFÉN), 90100MG/ML, GOTAS, SOLUCIÓN, FRASCO CON CUENTAGOTAS O GOTERO CALIBRADO, 1530ML, V.O.",1.25,"9,645",959,412,"11,016","13,770.00"
103019801,"PARACETAMOL (ACETAMINOFÉN), 120160MG/5ML, JARABE O SOLUCIÓN, FRASCO, V.O.",0.49,"12,536","75,045","21,326","108,907","53,364.43"
103020001,"NISTATINA, 100,000UI/ML, SUSPENSIÓN, FRASCO CON CUENTAGOTAS O GOTERO CALIBRADO, 2430ML, V.O.                                                                  ",4.4,"17,634","3,404","2,100","23,138","101,807.20"
103022101,"DICLOXACILINA, 250MG/5ML, POLVO PARA SUSPENSIÓN, FRASCO,  60?100ML, V.O.",2.97,"11,532","17,275","5,156","33,963","100,870.11"
103025101,"FERROSO FUMARATO, 140MG/5ML,  SUSPENSIÓN, FRASCO, 150200ML, V.O.",3.67,"17,990","4,846","6,302","29,138","106,936.46"
103025201,"LÁGRIMAS ARTIFICIALES QUE CONTENGAN POLÍMEROS DE ÉSTERES DE CELULOSA,  0.2%05% Y/O ALCOHOL POLIVINÍLICO, 1%3%, GOTAS, SOLUCIÓN, 1520ML, VÍA OFTÁLMICA  ",0.53,"198,098","5,631",572,"204,301","108,075.23"
103027401,"PIPACETATO, 40MG/ML, GOTAS, FRASCO, 15ML, V.O.",5.95,0,0,0,0,0
103030501,"POLIESTIRENO SULFONATO, POLVO, POTE O FRASCO, 453.6 G,  V.O., VÍA RECTAL",30.42,0,257,144,401,"12,198.42"
103032801,"CEFALEXINA, 250MG/5ML, GRÁNULO O POLVO PARA SUSPENSIÓN O JARABE, 60 100ML, FRASCO, V.O.",2.78,0,0,0,0,0
103035301,"MULTIVITAMINAS GOTAS, FRASCO CON CUENTAGOTAS O GOTERO CALIBRADO, 1530ML V.O.",5.13,0,0,0,0,0
103036001,"DIFENHIDRAMINA, 12.5MG/5ML, JARABE, FRASCO 120ML, V.O.",0.65,"332,032","13,982","13,950","359,964","233,976.60"
103037001,"METRONIDAZOL, 125MG/5ML, SUSPENSIÓN, FRASCO, 120ML, V.O.",1.92,"32,147","11,670","5,620","49,437","94,919.04"
103039201,"PROXIMETACAÍNA (PROPARACAÍNA), 0.5% O TETRACAÍNA (AMETHOCAÍNA), 0.5%, GOTAS, SOLUCIÓN, FRASCO, 1015ML, VÍA OFTÁLMICA.",12.95,4,655,236,895,"11,590.25"
103039801,"COLESTIRAMINA RESINA, 4G, POLVO, SOBRE, V.O.",1.55,"417,076","139,000","146,400","702,476","1,088,837.80"
103041201,"CLOTRIMAZOL, 12%, SOLUCIÓN, FRASCO, 2030ML VÍA TÓPICA",1.11,"80,044","35,223","3,617","118,884","131,961.24"
103041301,"BECLOMETASONA DIPROPIONATO 50mcg/inhalación, solución en aerosol  libre de CFC, inhalador con 100200 dosis,  Vía Bucal.",0.98,0,0,0,0,0
103042901,"CLONAZEPAM, 2.5MG/ML, SOLUCIÓN, FRASCO, 10ML, V.O.",3.03,0,0,0,0,0
103043301,"SALBUTAMOL SULFATO, 2MG/5ML, JARABE, FRASCO, 150180ML, V.O.",1.5,"8,794",324,168,"9,286","13,929.00"
103043401,"SALBUTAMOL BASE O SULFATO, 100MCG/INHALACIÓN, SUSPENSIÓN EN AEROSOL LIBRE DE  CFC, INHALADOR CON 200250 DOSIS, VÍA BUCAL.",0.94,"21,460","74,775",0,"96,235","90,460.90"
103047001,"PIRANTEL PAMOATO 250MG CON OXANTEL 250MG/5ML, SUSPENSIÓN, FRASCO, 15ML, V.O.",2.65,"109,276","8,152",0,"117,428","311,184.20"
103047601,"TIMOLOL MALEATO O BETAXOLOL CLORHIDRATO O LEVOBUNOLOL CLORHIDRATO,  0.5%, GOTAS, SOLUCIÓN, FRASCO 5  15ML,  VÍA OFTÁLMICA.",0.29,"45,732","22,458","9,410","77,600","22,504.00"
103047701,"BETAMETASONA VALERATO, 0.1%,  LOCIÓN CAPILAR, FRASCO, 2060ML, VÍA TÓPICA.",9.92,"3,474",70,0,"3,544","35,156.48"
103048601,"SALES DE REHIDRATACIÓN ORAL,  CON UN CONTENIDO MÍNIMO DE: DEXTROSA (GLUCOSA) ANHIDRA 20G, SODIO CLORURO 3.5G,  SODIO CITRATO DIHIDRATADO 2.9G, POTASIO  CLORURO 1.5G, POLVO, SOBRE, V.O.",0.38,"59,256","14,104","1,280","74,640","28,363.20"
103048701,"VALPROICO ÁCIDO 250mg/5ml, jarabe o suspensión, frasco, 120ml, V.O.",1.94,"44,546","4,064","9,695","58,305","113,111.70"
103048901,"SALBUTAMOL SULFATO, 0.5%, SOLUCIÓN, FRASCO, 2030ML, NEBULIZACIÓN.",1.05,"24,228","3,174",0,"27,402","28,772.10"
103049101,"LACTULOSA LIQUIDO, 667MG/ML, FRASCO, 450500ML, V.O.",3.9,0,0,0,0,0
103049301,"NAFAZOLINA CLORHIDRATO, 0.1%, GOTAS, SOLUCIÓN, FRASCO, 715ML, VÍA OFTÁLMICA.",2.35,"8,270","8,317",400,"16,987","39,919.45"
103049901,"PREDNISOLONA ACETATO, 1%, GOTAS, SUSPENSION,  FRASCO 515ML, OFTALMICA.",6.84,"36,858","6,039",420,"43,317","296,288.28"
103051001,"DESMOPRESINA ACETATO 0.1mg/ml, solución, frasco, 2.5ml, Vía Nasal.",58.56,"1,300",656,780,"2,736","160,220.16"
103053701,"CARBAMAZEPINA 100mg/5ml, suspensión, frasco, 100ml, V.O.",6.42,8,0,0,8,51.36
103054701,"Ipratropio bromuro, 1520mcg/inhalación, solución en aerosol, inhalador con 200250 dosis, vía bucal",1.97,0,0,0,0,0
103054801,"DICLOFÉNACO 0.1%, O FLURBIPROFEN 0.03%, O SUPROFEN 1%, GOTAS, SOLUCIÓN, FRASCO, 2.510 ML, VÍA OFTÁLMICA. 5ml",0.78,"37,728","4,384","2,628","44,740","34,897.20"
103055001,"CROMOGLICATO SÓDICO, 4% PESO/VOLUMEN, SOLUCIÓN, FRASCO ATOMIZADOR CON DISPOSITIVO, VÍA NASAL.",1.22,0,"24,099","9,456","33,555","40,937.10"
103055201,"AMOXICILINA BASE O TRIHIDRATADA, 250MG/5ML, POLVO PARA SUSPENSIÓN O JARABE, FRASCO,  60100ML. V.O.",3.15,"309,942","65,661","70,528","446,131","1,405,312.65"
103056801,"PREDNISONA O PREDNISOLONA, 13MG/ML, JARABE O SOLUCIÓN, 60 120ML, V.O.",1.48,"191,791","8,378",716,"200,885","297,309.80"
103056901,"ALBENDAZOL, 40MG/ML, SUSPENSIÓN, FRASCO, V.O.",1.86,"9,622","5,560","2,094","17,276","32,133.36"
103057101,"IPRATROPIO BROMURO, 250MCG/ML, SOLUCIÓN, FRASCO, 20ML, NEBULIZACIÓN",1.62,"28,574","11,378",580,"40,532","65,661.84"
103057301,"LATANOPROST, 50 MCG/ML, GOTAS, SOLUCIÓN, FRASCO, 2.5ML, VÍA OFTÁLMICA.",1.68,"33,066","1,410","1,550","36,026","60,523.68"
103057401,"DORZOLAMIDA CLORHIDRATO, 2%, GOTAS, SOLUCIÓN, FRASCO, 510ML, VÍA OFTÁLMICA.",1.65,"11,576","16,206","13,494","41,276","68,105.40"
103057501,"LOPINAVIR 80MG CON RITONAVIR 20MG/ML, SOLUCIÓN, FRASCO, V.O.",43.2,0,0,0,0,0
103057801,"AMOXICILINA 400MG CON ACIDO CLAVULÁNICO 57MG (CLAVULONATO POTÁSICO), SUSPENSIÓN, FRASCO, V.O.",3.08,"16,389","4,793","3,672","24,854","76,550.32"
103057901,"BENCILO BENZOATO, 25%, loción, frasco, 120ml, Vía Tópica",9.6,"2,028",560,380,"2,968","28,492.80"
103058001,"CALAMINA, 8%, LOCIÓN, FRASCO, 120ML, VÍA TÓPICA.",3.58,"13,668",799,0,"14,467","51,791.86"
103058101,"COMPLEJO B, elixir o jarabe, V.O.",3.7,"13,371","9,652","4,911","27,934","103,355.80"
103058201,"AZELASTINA HIDROCLORURO, 0.05%,  GOTAS, SOLUCIÓN, FRASCO, VÍA  OFTÁLMICA.",3.74,"20,898","7,074","21,342","49,314","184,434.36"
103058301,"AZITROMICINA, 200MG/5ML,  POLVO PARA SUSPENSIÓN, 1530ML, FRASCO, V.O.",2.94,"99,404","26,508",302,"126,214","371,069.16"
103059301,"BRIMONIDINA TARTRATO, 0.2%,  GOTAS,  SOLUCIÓN, FRASCO, VÍA OFTÁLMICA",2.94,"2,265","4,180","2,180","8,625","25,357.50"
103059401,"CICLOSPORINA 100mg/ml, solución con microemulsión, frasco, V.O.",184,0,0,0,0,0
103060201,"MOMETASONA FUROATO 200mcg/ inhalación, polvo seco, inhalador, Vía Bucal.",22.5,0,0,0,0,0
103060401,"LAMIVUDINA 10mg/ml, solución, frasco, 240300ml, V.O.",12.2,0,0,0,0,0
103060501,"ZIDOVUDINA 10mg/ml, solución, frasco, 240 300ml, V.O.",20.02,0,0,0,0,0
103060601,"FENTANILO, 25MCG, PARCHE TRANSDÉRMICO, VÍA TÓPICA.",3.88,"11,325","3,354",0,"14,679","56,954.52"
103060801,"TIOTROPIO BROMURO, 18MCG/INHALACIÓN, POLVO SECO, INHALADOR CON DISPOSITIVO, VÍA BUCAL",2.32,"25,470","7,710",0,"33,180","76,977.60"
103061001,"SODIO CLORURO, 0.85%0.9%, GOTAS NASALES EN SOLUCIÓN, FRASCO 50ML, VÍA NASAL.",3.34,0,0,0,0,0
103061101,"CALCIPOTRIOL (HIDRATO), 50MCG/G CON BETAMETASONA (DIPROPIONATO), 05MG/G, GEL FRASCO, 30G, VIA TÓPICA.",25,0,"15,640",0,"15,640","391,000.00"
103061201,"RIVASTIGMINA, 9MG PARCHE TRANSDÉRMICO, VÍA TÓPICA",1.05,"336,630","95,280","3,840","435,750","457,537.50"
103061301,"RIVASTIGMINA, 18MG PARCHE TRANSDÉRMICO, VÍA TÓPICA",1.28,"704,850","321,810","104,190","1,130,850","1,447,488.00"
103061401,"TOBRAMICINA 300mg/5ml, solución para Inhalación y Nebulizar, ampolla.",25.87,0,0,0,0,0
103061701,"MOMETASONA, 50MCG/INHALACIÓN, SUSPENSIÓN ACUOSA EN AEROSOL, INHALADOR, VIA NASAL.",4.13,0,0,0,0,0
103061801,"TOBRAMICINA, 3MG/ML (0.3%), SOLUCION,GOTAS, VIA OFTALMICA",7.13,350,"3,952",124,"4,426","31,557.38"
103061901,"TOBRAMICINA,0.3% C/DEXAMETASONA 0.1% SUSPENSIÓN, GOTAS, VIA OFTALMICA",1.8,0,0,0,0,0
103062001,"DEXTROSA 37.5g cada 100ml, solución oral, 200ml.",5.92,0,0,0,0,0
103062101,"POLIETILENGLICOL 3350, CON ELECTROLITOS (SULFATO DE SODIO ANHIDRO, BICARBONATO DE SODIO, CLORURO DE SODIO, CLORURO DE POTASIO), POLVO PARA SOLUCION, V.O.",5.9,0,0,0,0,0
104006501,"CORTICOIDE DE BAJA POTENCIA NO FLUORINADO: DESONIDE, 0.05% o HIDROCORTISONA  0.25 2.5%,  crema, tubo, 1530g, Vía Tópica.",0.6,"41,351","3,808","6,762","51,921","30,893.00"
104009001,"ALUMINIO ACETATO ÁCIDO, 0.050% A 0.060%, CREMA, PH: 4.0  4.8, TUBO, 30G VÍA TÓPICA.",1.73,"293,608","68,694","18,459","380,761","658,716.53"
104009801,"FUSIDATO SÓDICO 2%, ungüento, tubo, 1520g, Vía Tópica.",2,"302,720","33,440","91,564","427,724","855,448.00"
104011901,"BETAMETASONA VALERATO 0.1%, crema, tubo, 15g, Vía Tópica.",3,0,0,0,0,0
104013601,"KETOCONAZOL, 12%, CREMA, TUBO, 15 20G, VÍA TÓPICA.",0.45,"250,172","104,690","35,806","390,668","175,800.60"
104014101,"GENTAMICINA SULFATO, 0.3%, UNGÜENTO, TUBO, 35G, VÍA OFTÁLMICA",1.58,"47,100","3,615",38,"50,753","80,189.74"
104014701,"SULFADIAZINA DE PLATA 1%, crema, pote, 100400g, Vía Tópica.",35,0,0,0,0,0
104014801,"CORTICOIDE POTENCIA ALTA: AMCINONIDE 0.1% o BETAMETASONA DIPROPIONATO 0.05%  o FLUOCINOLONA ACETÓNIDA 0.2%  o HALCINONIDA 1%  o MOMETASONA FUROATO 0.1%, crema, tubo, 15g, Vía Tópica.",0.99,0,"19,408","5,837","25,245","24,992.55"
104014901,"CLORANFENICOL 1%, ungüento, tubo 35g, Vía Oftálmica.",4.11,"1,032",920,170,"2,122","8,721.42"
104015301,"BENZOILO PERÓXIDO 5%, gel, tubo, 4060g, Vía Tópica.",6.63,"2,623","1,576",464,"4,663","30,915.69"
104016801,"ACICLOVIR 3%, ungüento, tubo, 37g, Vía Oftálmica.",14.35,147,800,160,"1,107","15,885.45"
104017001,"CLOBETASOL PROPIONATO 0.05%, crema, tubo, 25g, Vía Tópica. (Corticoide súper potente).",1.54,"22,352","13,855","11,706","47,913","73,786.02"
104017301,"MENTOL COMPUESTO 1020%, ungüento, tubo, Vía Tópica.",1.25,"200,000","64,032","114,144","378,176","472,720.00"
104017701,"FLUORACILO 5%, crema, tubo, 1530g, Vía Tópica.",12.18,119,0,0,119,"1,449.27"
104018501,"SULFADIAZINA DE PLATA 1%, CREMA, TUBO O POTE, 3060G VÍA TÓPICA.",2.82,"2,134",800,0,"2,934","8,259.21"
105001401,"ESTRÓGENO CONJUGADOS NATURALES DE ORIGEN EQUINO, 0.625MG/G, CREMA TUBO CON APLICADOR, 4045 G  V. VAGINAL.",4.69,"13,465","2,572","2,035","18,072","84,757.68"
105001801,"METRONIDAZOL 500mg, óvulo, Vía Vaginal.",0.28,"349,480","85,750","110,570","545,800","152,824.00"
105002501,"ANTIHEMORROIDAL CON CORTICOIDE Y ANESTÉSICO LOCAL: HIDROCORTISONA o BETAMETASONA o PREDNISOLONA con LIDOCAÍNA o BENZOCAÍNA; O DOBESILATO CALCIO MONOHIDRATO 4G /LIDOCAINA 2G / DEXAMETASONA ACETATO 0.025G, crema, jalea, pomada o ungüento rectal, con tubo aplicador, Vía Rectal.",7.2,"46,505",105,660,"47,270","340,344.00"
105002901,"LIGNOCAÍNA (LIDOCAÍNA) 2%, jalea, tubo,  2030g, Vía Tópica.",14.95,0,0,166,166,"2,481.70"
105004901,"PARACETAMOL (ACETAMINOFEN), 250300MG. SUPOSITORIOS PEDIÁTRICOS, VIA RECTAL.",0.15,0,0,0,0,0
105006201,"METACRESOLSULFÓNICO ÁCIDO con FORMALDEHÍDO (POLICRESULENO) 18mg/g, gel,  tubo con aplicador, 50g, Vía Vaginal.",14.5,0,0,0,0,0
105007201,"DICLOFENACO SÓDICO 50mg,  supositorio, Vía Rectal.",0.49,"615,318","1,343,100",0,"1,958,418","959,624.82"
105007701,"IMIDAZOLES: CLOTRIMAZOL, ISOCONAZOL, MICONAZOL, 12%, CREMA O JALEA, TUBO CON APLICADOR, 3540G, VÍA VAGINAL",0.66,"313,376","52,360","54,892","420,628","277,614.48"
105007801,"DINOPROSTONE, 2MG/3G, GEL, TUBO CON APLICADOR PRECARGADO O JERINGA, VÍA VAGINAL.",37.8,"8,704","2,254","1,476","12,434","470,005.20"
105008101,"LEVONORGESTREL 52mg (20mcg/24horas), sistema Intrauterino.",155,"1,584",431,308,"2,323","360,065.00"
105008201,"LIDOCAINA 700MG, PARCHE, VIA TOPICA.",5.75,"6,735",900,0,"7,635","43,901.25"
1020808P1,"RITUXIMAB 100mg, solución, I.V.",69,480,0,120,600,"41,400.00"
1020817P1,"RITUXIMAB 500mg, solución, I.V.",221,"1,180",178,120,"1,478","326,638.00"
1020923P1,"INFLIXIMAB 100mg, polvo liofilizado, I.V.",144.3,984,12,202,"1,198","172,871.40"
,TOTAL GENERAL,,"324,309,002","65,224,694","59,155,406","448,689,102","121,771,370"
,****,,,,,,
