CODIGO;DESCRIPCIÓN;PRECIO UNITARIO B/.;EXISTENCIA ALMACÉN CDPA ABRIL 2024;EXISTENCIA ALMACÉN CDDI ABRIL 2024;EXISTENCIA ALMACÉN CDCH                        ABRIL 2024;TOTAL DE EXISTENCIAS  DISPONIBLES ABRIL 2024;MONTO DE EXISTENCIAS EN B/.;
101000801;GLIBENCLAMIDA, 5MG, TABLETA, V.O.;0.03;11,495,000;2,392,000;393,000;14,280,000;428,400.00;
101001101;PARACETAMOL (ACETAMINOFÉN), 500MG, TABLETA, V.O.;0.03;7,664,000;4,533,000;8,822,000;21,019,000;630,570.00;
101001801;FINASTERIDA, 5 MG, TABLETA, V.O.;0.05;2,059,740;1,040,400;546,180;3,646,320;171,377.04;
101002001;HIDRALAZINA CLORHIDRATO 50mg, tableta, V.O.;0.12;0;0;0;0;0.00;
101002101;BLOQUEADORES DE LOS RECEPTORES ALFA 1 ADRENÉRGICOS: TERAZOSINA, 2MG O DOXAZOSINA, 2MG, CÁPSULA O TABLETA, V.O.;0.04;836,836;448;69,496;906,780;36,271.20;
101002301;HIDROXICINA, 25MG, CÁPSULA O TABLETA, V.O.;0.10;955,200;88,220;1,002,740;2,046,160;202,569.84;
101002401;ALFACALCIDOL, 1MCG, CÁPSULA, V.O.;0.65;0;0;0;0;0.00;
101002601;ESCOPOLAMINA BUTILBROMURO (HIOSCINA), 10MG, TABLETA, V.O.;0.05;4,300,200;1,140,900;1,450,400;6,891,500;323,900.50;
101003101;DIFENHIDRAMINA, 25MG, CÁPSULA, V.O.;0.07;727,650;285,000;64,000;1,076,650;75,365.50;
101003801;SIMVASTATINA, 10MG, CÁPSULA O TABLETA, V.O.;0.02;5,740,668;6,300,672;3,845,240;15,886,580;301,845.02;
101003901;FORMOTEROL FUMARATO (EFORMOTEROL), 9-12MCG/INHALACIÓN, POLVO SECO, INHALADOR CON APLICADOR CON 30-60 DOSIS, VÍA BUCAL.;5.37;24,684;420;40;25,144;135,023.28;
101004401;ZIDOVUDINA 100mg, cápsula, V.O.;0.66;0;0;0;0;0.00;
101004501;CALCIO CARBONATO, 500 MG-1,000MG DE CALCIO ELEMENTAL, TABLETA, V.O.;0.03;1,243,400;377,000;811,900;2,432,300;60,807.50;
101005101;MODULADOR HEMORREOLÓGICO TIPO PENTOXIFILINA, 400MG, TABLETA DE LIBERACIÓN MODIFICADA, V.O.;0.12;0;0;0;0;0.00;
101007801;ACETAZOLAMIDA, 250MG, TABLETA, V.O.;0.13;0;0;0;0;0.00;
101008501;DIGOXINA 0.25mg, tableta, V.O.;0.27;5,200;0;22,300;27,500;7,425.00;
101008601;FENITOÍNA SÓDICA 100mg, cápsula o tableta, de liberación modificada, V.O.;0.07;0;290,800;143,400;434,200;31,262.40;
101008801;CLORFENIRAMINA  MALEATO,  4MG, TABLETA, V.O.;0.05;0;0;0;0;0.00;
101009501;DIMENHIDRINATO, 50MG, TABLETA, V.O.;0.01;1,180,850;464,700;281,800;1,927,350;26,982.90;
101010101;CIPROFLOXACINA, 500MG, CÁPSULA O TABLETA, V.O.;0.06;3,309,842;2,395,800;2,921,800;8,627,442;500,391.64;
101010601;ISOSORBIDE DINITRATO, 5MG, TABLETA, VÍA SUBLINGUAL;0.39;1,440;4,400;0;5,840;2,277.60;
101010801;ISOSORBIDE DINITRATO, 10MG, TABLETA, V.O.;0.03;216,000;18,480;3,000;237,480;7,361.88;
101011401;ESTRÓGENOS CONJUGADOS NATURALES DE ORIGEN EQUINO, 0.625-1MG, TABLETA, V.O.;0.10;0;0;0;0;0.00;
101012201;FENOBARBITAL 32mg, tableta, V.O.;0.30;162,100;26,000;26,000;214,100;64,230.00;
101012301;FENOBARBITAL 64mg, tableta, V.O.;0.54;3,356,736;526,000;374,000;4,256,736;2,298,637.44;
101012901;METRONIDAZOL, 500MG, TABLETA RANURADA, V.O.;0.08;480;0;507,840;508,320;39,140.64;
101013101;FÓLICO ÁCIDO, 5MG, TABLETA, V.O.;0.02;7,913,080;305,080;669,760;8,887,920;204,422.16;
101013701;NITROFURANTOINA 100MG CÁPSULA O TABLETA, V.O.;0.10;1,189,000;23,000;119,000;1,331,000;133,100.00;
101015901;AZATIOPRINA, 50MG, TABLETA, V.O.;0.59;9,000;0;31,500;40,500;23,895.00;
101016301;ATENOLOL, 100MG, TABLETA RANURADA, V.O.;0.05;0;0;0;0;0.00;
101018301;PIRIDOSTIGMINA BROMURO, 60MG, TABLETA, V.O.;0.36;4,520;880;22,160;27,560;9,921.60;
101018401;METILDOPA, 250MG, TABLETA, V.O.;0.28;266,580;128,760;71,220;466,560;130,636.80;
101018501;MELFALANO 2mg, tableta, V.O.;0.78;0;0;0;0;0.00;
101022301;METOTREXATE, 2.5MG, TABLETA, V.O.;0.15;60,800;0;86,500;147,300;22,095.00;
101023201;HIDROXICLOROQUINA SULFATO, 400MG, TABLETA, V.O.;0.23;934,500;248,100;45,660;1,228,260;282,499.80;
101024201;PREDNISONA O PREDNISOLONA, 5MG, TABLETA, V.O.;0.03;1,434,000;501,300;972,400;2,907,700;72,692.50;
101024501;TAMOXIFENO CITRATO, 20MG, TABLETA, V.O.;0.17;271,500;3,000;2,280;276,780;47,052.60;
101027201;METILFENIDATO, 10MG, TABLETA, V.O.;0.11;62,640;33,780;1,740;98,160;10,797.60;
101027701;CARBAMAZEPINA 200mg, tableta, V.O.;0.05;1,831,800;182,000;186,300;2,200,100;99,004.50;
101028501;LEVOMEPROMAZINA, 25MG, TABLETA, V.O.;0.51;74,000;14,000;7,000;95,000;48,450.00;
101030201;TIAMAZOL (METIMAZOL)  5MG.TABLETA, V.O.;0.25;176,200;2,600;0;178,800;44,700.00;
101030701;HIDROCLOROTIAZIDA 25MG CON TRIAMTERENO 50MG, TABLETA RANURADA, V.O.;0.13;0;0;0;0;0.00;
101031601;IMIPRAMINA 10 MG CAPSULA O TABLETA V.O.;0.09;0;0;0;0;0.00;
101032001;FLUOXETINA 20mg, cápsula o tableta, V.O.;0.08;2,800;8,400;286,776;297,976;23,838.08;
101032901;AMITRIPTILINA, 25MG, CÁPSULA O TABLETA, V.O.;0.03;0;0;401,100;401,100;12,033.00;
101034201;TIAMINA (VITAMINA B1) 100MG, TABLETA, V.O.;0.01;214,000;122,000;15,000;351,000;4,738.50;
101034401;PIRIDOXINA (VITAMINA B6), 50MG, TABLETA, V.O.;0.04;484,680;0;0;484,680;19,387.20;
101034801;ASCÓRBICO ÁCIDO (VITAMINA C), 500MG, TABLETA RECUBIERTO (PELÍCULA), MASTICABLE O EFERVESCENTE, V.O.;0.05;7,385,700;777,900;429,400;8,593,000;386,685.00;
101034901;LITIO CARBONATO 300mg, cápsula o tableta, V.O.;0.07;0;0;0;0;0.00;
101035701;BIPERIDENO CLORHIDRATO, 2MG, TABLETA, V.O.;0.04;2,502,700;148,800;108,000;2,759,500;99,342.00;
101036301;HIERRO (SAL FERROSA), 50-100MG DE HIERRO ELEMENTAL, TABLETA,  V.O.;0.25;1,014,440;43,500;452,000;1,509,940;377,485.00;
101037701;ESPIRONOLACTONA, 25MG, TABLETA, V.O.;0.11;251,130;10,080;171,000;432,210;47,543.10;
101037801;"ANOVULATORIO ORAL, ESTRÓGENOS: ETINILESTRADIOL,  0.020-0.030MG; PROGESTAGENOS: LEVONORGESTREL, 0.15MG. O GESTODENO, 0.075MG, TABLETA, V.O.";0.06;582,750;185,094;66,780;834,624;50,077.44;
101037901;TRAMADOL CLORHIDRATO, 50MG, CÁPSULA, V.O.;0.03;2,029,300;262,600;1,801,000;4,092,900;110,508.30;
101038201;ACETIL SALICÍLICO ÁCIDO, 75-100MG, TABLETA, V.O.;0.02;18,548,000;434,900;284,100;19,267,000;308,272.00;
101038801;TRIMETROPIN 160MG CON SULFAMETOXAZOL 800MG, TABLETA RANURADA, V.O.;0.07;3,300;221,800;295,200;520,300;33,819.50;
101042601;CICLOSPORINA 25mg, cápsula con microemulsión, V.O.;0.97;63,250;0;0;63,250;61,352.50;
101042701;CICLOSPORINA 100mg, cápsula con microemulsión, V.O.;3.88;214,300;12,050;23,400;249,750;969,030.00;
101043001;MERCAPTOPURINA  50MG.TABLETA, V.O.;1.64;26,000;600;0;26,600;43,624.00;
101043501;DIAZEPAM, 5MG, TABLETA, V.O.;0.15;10,000;0;0;10,000;1,500.00;
101044101;MEDROXIPROGESTERONA,  5mg, tableta, V.O.;0.50;40,440;5,440;1,600;47,480;23,740.00;
101048601;MULTIVITAMINAS Y MINERALES, CÁPSULA O TABLETA, V.O.;0.07;3,493,000;194,000;62,000;3,749,000;262,430.00;
101051101;FUROSEMIDA, 40MG, TABLETA, V.O.;0.04;5,881,000;761,900;444,000;7,086,900;262,215.30;
101052301;AMITRIPTILINA 10mg, cápsula o tableta, V.O.;0.30;0;0;0;0;0.00;
101054001;PROPRANOLOL CLORHIDRATO, 40MG, TABLETA, V.O.;0.10;505,200;362,500;208,000;1,075,700;106,494.30;
101057701;COMPLEJO B, TABLETA, V.O.;0.05;4,517,000;210,500;268,000;4,995,500;224,797.50;
101058301;WARFARINA SÓDICA 5mg, tableta, V.O.;0.50;183,540;171,150;149,310;504,000;252,000.00;
101059201;SULFASALAZINA, 500 MG,  TABLETA, V.O.;0.07;859,400;200,000;16,000;1,075,400;72,051.80;
101059401;OMEPRAZOL, 20mg, CÁPSULA CON MICROESFERAS GASTRORRESISTENTES, V.O.;0.05;21,628,260;2,478,560;1,955,184;26,062,004;1,224,914.19;
101059601;ANTIHISTAMÍNICO CON DESCONGESTIONANTE NASAL, ACCIÓN CORTA: ANTIHISTAMÍNICO: BROMFENIRAMINA, 4MG, O CARBINOXAMINA, 4MG, O CLORFENIRAMINA, 4MG, O TRIPROLIDINA, 2.5MG CON DESCONGESTIONANTE NASAL: FENILEFRINA, 20MG, O PSEUDOEFEDRINA, 60MG, CÁPSULA O TABLETA, V.O.;0.13;0;0;0;0;0.00;
101059901;LORATADINA, 10MG, CÁPSULA O TABLETA, V.O.;0.01;8,556,600;1,140,600;1,286,800;10,984,000;153,776.00;
101061101;AMOXICILINA BASE O TRIHIDRATADA, 500MG, CÁPSULA O TABLETA, V.O.;0.05;8,398,800;3,306,200;3,031,000;14,736,000;736,800.00;
101061301;CEFALEXINA, 500MG, CÁPSULA O TABLETA, V.O.;0.12;4,800;53,700;71,000;129,500;15,022.00;
101061701;DICLOXACILINA, 500MG, CÁPSULA, V.O.;0.11;7,500;2,000;0;9,500;1,054.50;
101062501;PRAZOSINA 2mg, tableta ranurada, V.O.;0.40;0;0;0;0;0.00;
101063301;LEVODOPA CON CARBIDOPA, 250MG/25MG O LEVODOPA CON BENSERAZIDE, 200MG/50MG, TABLETA, V.O.;0.11;0;0;0;0;0.00;
101064601;ALOPURINOL 300mg, tableta, V.O.;0.05;1,011,720;626,000;486,000;2,123,720;95,567.40;
101065301;MEBENDAZOL 100mg, tableta, V.O.;0.19;880,720;24,000;156,000;1,060,720;201,536.80;
101065401;DICLOFENACO SÓDICO, 50mg, cápsula o tableta, de liberación convencional o con capa entérica, V.O.;0.02;1,833,000;762,000;82,000;2,677,000;42,832.00;
101066201;CLOMIFENO CITRATO 50mg, tableta, V.O.;0.50;3,000;600;0;3,600;1,800.00;
101066401;CLONAZEPAM 2mg, tableta, V.O.;0.09;0;0;0;0;0.00;
101068201;"IBUPROFENO 400mg, cápsula o tableta; V.O.";0.04;21,114,730;895,290;939,120;22,949,140;826,169.04;
101068401;ESPIRAMICINA 1.0-1.5 millones UI, cápsula o tableta, V.O.;0.36;0;0;0;0;0.00;
101068701;LOPERAMIDA CLORHIDRATO, 2mg, cápsula o tableta, V.O.;0.15;69,000;18,000;4,000;91,000;13,377.00;
101070101;SULPIRIDA 50mg, cápsula o tableta, V.O.;0.14;0;0;0;0;0.00;
101070201;SULPIRIDA 200mg, cápsula o tableta, V.O.;0.11;0;0;0;0;0.00;
101070401;HALOPERIDOL, 5MG, TABLETA, V.O.;0.39;46,500;0;0;46,500;18,135.00;
101070501;CLINDAMICINA CLORHIDRATO 300mg, cápsula o tableta, V.O.;0.23;3,618,124;374,400;207,800;4,200,324;970,274.84;
101070901;AMANTADINA 100mg, tableta, V.O.;0.13;0;0;0;0;0.00;
101071301;VERAPAMILO CLORHIDRATO 120mg, tableta de acción prologada, V.O.;0.11;84,000;12,300;4,000;100,300;10,531.50;
101071701;HIDROXICARBAMIDA (HIDROXIUREA) 500mg, cápsula, V.O.;0.29;724,800;72,200;27,800;824,800;239,192.00;
101072701;GLICLAZIDA, 80mg, tableta, V.O.;0.05;3,243,350;112,500;39,960;3,395,810;159,603.07;
101073401;PREDNISONA, 50MG, TABLETA, V.O.;0.53;0;0;0;0;0.00;
101073501;VERAPAMILO CLORHIDRATO 80mg, tableta, V.O.;0.11;0;0;0;0;0.00;
101073801;VALPROATO DE MAGNESIO, DIVALPROATO SÓDICO, 500mg, cápsula o tableta, de liberación modificada con capa entérica, V.O.;0.11;17,600;0;0;17,600;1,936.00;
101074101;DANAZOL 200mg, cápsula o tableta, V.O.;0.76;1,380;0;0;1,380;1,048.80;
101074201;CAPTOPRIL, 25MG, TABLETA, V.O.;0.18;685,260;42,360;27,900;755,520;132,216.00;
101074301;COLCHICINA 0.5mg-0.6mg,  tableta, V.O.;0.24;49,480;10,040;3,840;63,360;15,206.40;
101074801;METFORMINA CLORHIDRATO 850mg, tableta ranurada, V.O.;0.02;24,903,600;3,057,350;4,298,800;32,259,750;548,415.75;
101075001;SUCRALFATO 1g, tableta o gel oral, V.O.;0.71;0;0;0;0;0.00;
101075501;AMIODARONA CLORHIDRATO 200mg, tableta, V.O.;0.22;253,140;30,000;16,920;300,060;66,013.20;
101077501;PARACETAMOL (ACETAMINOFÉN) 300-325mg con CODEÍNA FOSFATO 30mg, tableta, V.O.;0.15;1,500;30,000;16,000;47,500;7,125.00;
101079701;LEVOTIROXINA SAL SÓDICA 0.1mg, tableta, V.O.;0.01;7,376,000;315,000;1,365,000;9,056,000;126,784.00;
101079801;OXIBUTININA 5mg, tableta, V.O.;0.23;184,400;198,700;204,600;587,700;135,171.00;
101079901;LAMOTRIGINA 100mg, tableta o tableta dispersable masticable o tableta dispersable, V.O.;0.06;105,810;0;3,570;109,380;6,234.66;
101080001;CLOZAPINA 100mg, tableta ranurada, V.O.;0.38;0;0;0;0;0.00;
101082801;ZOLPIDEM 10mg, tableta ranurada, V.O.;0.04;31,890;0;32,640;64,530;2,581.20;
101082901;TRIMETAZIDINA 20mg, tableta, V.O.;0.06;386,500;78,100;9,500;474,100;27,023.70;
101083201;CLARITROMICINA 500mg, cápsula o tableta, V.O.;0.33;0;0;30,170;30,170;10,016.44;
101083401;AZITROMICINA 500mg, cápsula o tableta, V.O.;0.19;42,736;18,279;15,216;76,231;14,483.89;
101083601;LEVOFLOXACINA 500mg, tableta, V.O.;0.62;168,000;12,000;44,800;224,800;139,825.60;
101083801;LEFLUNOMIDA 20mg, tableta, V.O.;0.14;198,720;12,000;260,670;471,390;65,994.60;
101084001;MORFINA SULFATO, 15MG, CAPSULA O TABLETA, V.O.;4.50;110,000;45,000;40,000;195,000;877,500.00;
101085001;MONTELUKAST 10mg, tableta, V.O.;0.04;10,803,200;88,100;87,500;10,978,800;472,088.40;
101085101;MONTELUKAST 5mg, tableta masticable, V.O.;0.03;641,200;217,100;136,400;994,700;33,819.80;
101085201;ACICLOVIR 400mg, cápsula o tableta, V.O.;0.05;532,000;153,700;180,000;865,700;45,882.10;
101085801;DOXICICLINA 100mg, base clorhidrato o hiclato, cápsula o tableta, V.O.;0.21;0;0;0;0;0.00;
101086001;CLOPIDOGREL DISULFATO 75mg, tableta, V.O.;0.04;4,012,900;169,600;2,990,600;7,173,100;265,404.70;
101086201;FENOFIBRATO 200-250mg, cápsula de liberación prolongada, V.O.;0.17;111,300;0;113,280;224,580;38,178.60;
101086401;CARVEDILOL 6.25mg, tableta, V.O.;0.02;0;0;0;0;0.00;
101086601;AMLODIPINA 5mg, tableta, V.O.;0.01;3,592,290;197,100;58,800;3,848,190;23,089.14;
101087001;DILTIAZEM 180mg, cápsula o tableta, de liberación modificada, V.O.;0.15;285,600;91,900;24,800;402,300;59,540.40;
101087201;DILTIAZEM 60mg, cápsula o tableta, V.O.;0.16;240,920;145,980;242,080;628,980;100,636.80;
101087401;MICOFENOLATO MOFETILO 250mg, cápsula, V.O.;0.95;1,431,100;79,200;222,600;1,732,900;1,646,255.00;
101090101;LAMIVUDINA 150mg, cápsula o tableta, V.O.;0.15;7,680;720;480;8,880;1,332.00;
101090501;ITRACONAZOL, 100MG, CÁPSULA O TABLETA, V.O.;1.17;2,325;90;1,440;3,855;4,510.35;
101091001;INDAPAMIDA 1.5mg, tableta de acción prolongada, V.O.;0.04;3,432,996;271,380;698,130;4,402,506;167,295.23;
101091101;DEXAMETASONA 4mg, tableta, V.O.;0.16;0;0;0;0;0.00;
101091401;OLANZAPINA 10mg, tableta o tableta dispersable, V.O.;0.09;86,070;16,290;45,450;147,810;13,302.90;
101091601;IMATINIB MESILATO 100mg, cápsula o tableta, V.O.;2.73;7,560;1,200;0;8,760;23,914.80;
101091901;CAPECITABINA, 500MG, TABLETA O CÁPSULA, V.O.;0.02;19,400;0;2,400;21,800;518.84;
101092001;LETROZOL 2.5mg, tableta, V.O.;0.67;24,180;8,400;150;32,730;21,929.10;
101092101;LISINOPRIL,  20mg, tableta, V.O.;0.06;82,020;0;5,000;87,020;5,221.20;
101092301;IMATINIB MESILATO 400mg, cápsula o tableta, V.O.;1.50;8,520;840;15,240;24,600;36,900.00;
101092801;AMOXICILINA 500mg con ACIDO CLAVULÁNICO 125mg, tableta, V.O.;0.25;17,552;800;32;18,384;4,596.00;
101092901;BICALUTAMIDA, 50MG, TABLETA, V.O.;0.12;210,430;30,870;23,040;264,340;31,720.80;
101093001;DEFLAZACORT 6mg, tableta, V.O.;0.29;25,800;17,380;1,580;44,760;12,980.40;
101093301;GABAPENTINA 300mg, cápsula, V.O.;0.04;701,100;215,100;142,000;1,058,200;46,560.80;
101093401;IRBESARTÁN 300mg, tableta, V.O.;0.07;8,199,330;371,370;111,720;8,682,420;564,357.30;
101093501;LINEZOLID 600mg, tableta, V.O.;7.12;51,680;7,080;7,760;66,520;473,622.40;
101093601;MINOXIDIL 10mg, tableta, V.O.;0.35;197,400;9,000;9,000;215,400;75,174.60;
101093801;PROPAFENONA  150mg, tableta, V.O.;0.35;42,900;0;22,800;65,700;22,995.00;
101094001;SIROLIMUS 1mg, tableta, V.O.;9.41;24,000;0;900;24,900;234,309.00;
101094101;TACROLIMUS 1mg, cápsula, V.O.;3.76;310,400;49,100;109,400;468,900;1,763,064.00;
101094201;TALIDOMIDA, 100mg, tableta, V.O.;1.09;65,400;900;1,200;67,500;73,575.00;
101094301;TOPIRAMATO, 100MG, TABLETA, V.O.;0.09;62,300;33,900;123,500;219,700;18,894.20;
101094401;TRETINOÍNA (ACIDO RETINOICO) 10mg, cápsula, V.O.;3.93;20,000;0;0;20,000;78,559.00;
101094501;VALGANCICLOVIR  450mg, tableta, V.O.;7.77;0;240;240;480;3,729.60;
101094701;CINACALCET HIDROCLORURO, 30mg, tableta, V.O.;1.14;21,644;8,148;17,024;46,816;53,370.24;
101095601;DEFERASIROX 125mg, tableta dispersable, V.O.;9.95;4,704;0;0;4,704;46,809.50;
101095701;DEFERASIROX 250mg, tableta dispersable, V.O.;12.08;0;0;0;0;0.00;
101095801;DEFERASIROX 500mg, tableta dispersable, V.O.;6.29;0;0;0;0;0.00;
101096001;NILOTINIB, 200mg, cápsula, V.O.;42.00;220,864;36,960;5,376;263,200;11,054,400.00;
101096101;DASATINIB 70mg, tableta, V.O.;13.50;0;0;0;0;0.00;
101096201;TENOFOVIR 300mg/EMTRICITABINA 200mg/EFAVIRENZ 600mg, tableta, V.O.;0.26;0;0;0;0;0.00;
101096301;PERINDOPRIL, 5MG, TABLETA, V.O.;0.48;12,834,420;4,503,360;7,917,720;25,255,500;12,122,640.00;
101096501;QUETIAPINA FUMARATO, 200mg, tableta, V.O.;0.06;0;0;0;0;0.00;
101096601;IVERMECTINA 6mg, tableta, V.O.;0.20;0;0;0;0;0.00;
101096801;TENOFOVIR DISOPROXIL FUMARATO 300mg, equivalente a 245mg de TENOFOVIR DISOPROXILO , tableta, V.O.;0.47;0;0;0;0;0.00;
101096901;RALTEGRAVIR 400mg, tableta, V.O.;2.99;473,160;3,600;1,200;477,960;1,429,100.40;
101097001;EMTRICITABINA 200mg/ TENOFOVIR 300mg, tableta, V.O.;0.25;253,500;0;13,800;267,300;66,825.00;
101097101;SEVELAMER CARBONATO 800mg, tableta, V.O.;0.30;310,230;36,540;27,000;373,770;111,757.23;
101097201;OXICODONA CLORHIDRATO, 10mg, tableta de liberación prolongada, V.O.;1.70;0;0;0;0;0.00;
101097301;OXICODONA CLORHIDRATO, 20MG TABLETA DE LIBERACION PROLONGADA, V.O.;2.89;0;0;0;0;0.00;
101097401;VORICONAZOL 200mg, tableta, V.O.;5.35;9,480;120;0;9,600;51,360.00;
101097501;ABACAVIR 300mg, tableta, V.O.;0.56;34,560;15,120;0;49,680;27,820.80;
101097601;TIZANIDINA CLORHIDRATO 4mg, tableta, V.O.;0.83;0;0;0;0;0.00;
101097701;PANCREATINA, 150mg, equivalente a: Lipasa 10,000U, Amilasa 8,000U, Proteasa 600U, cápsula, V.O.;0.79;161,440;8,360;5,440;175,240;138,439.60;
101097801;PRAMIPEXOL, 0.25 MG, TABLETA RANURADA, V.O.;0.55;0;0;0;0;0.00;
101097901;PRAMIPEXOL, 1.0  MG, TABLETA RANURADA, V.O.;0.65;34,130;4,230;1,080;39,440;25,636.00;
101098001;ACIDO ALENDRONICO (ALENDRONATO SODICO TRIHIDRATADO) 70mg, tableta, V.O.;0.51;0;0;0;0;0.00;
101098901;FINGOLIMOD 0.5mg, cápsula, V.O.;48.67;20,806;1,380;1,332;23,518;1,144,621.06;
101099501;EVEROLIMUS 0.5mg, tableta, V.O.;5.70;49,440;2,520;0;51,960;296,172.00;
101099601;CABERGOLINA, 0.5MG, TABLETA V.O.;1.90;0;576;16;592;1,124.80;
101099901;ABIRATERONA 250mg, tableta, V.O.;2.49;26,280;6,720;25,440;58,440;145,515.60;
101100001;LENALIDOMIDA 10mg, tableta o cápsula, V.O.;51.54;2,604;84;420;3,108;160,186.32;
101100101;LENALIDOMIDA 25mg, tableta o cápsula, V.O.;53.54;0;0;798;798;42,724.92;
101100201;DAPSONA 100mg, tableta, V.O.;0.97;0;0;0;0;0.00;
101100401;DARUNAVIR ETANOLATO 600mg, tableta, V.O.;1.09;11,040;0;12,000;23,040;25,113.60;
101100901;DULOXETINA, 60mg, capsula o tableta, V.O.;1.53;508,788;194,712;210,280;913,780;1,399,910.96;
101101001;ESCITALOPRAM 10mg, tableta, V.O;0.08;59,310;0;0;59,310;4,744.80;
101101101;NILOTINIB, 150mg, cápsula, V.O.;42.00;25,200;0;0;25,200;1,058,400.00;
101101201;PARICALCITOL 2mcg capsula, V.O.;11.22;990;0;0;990;11,107.80;
101101301;ZOLPIDEM, 6.25mg, tableta de liberacion prolongada, V.O.;1.94;257,207;8,956;4,179;270,342;524,463.48;
101101401;ZOLPIDEM, 12.5MG, TABLETA DE LIBERACIÓN PROLONGADA, V.O.;1.96;0;0;0;0;0.00;
101104301;BICTEGRAVIR 50mg/EMTRICITABINA 200mg/TENOFOVIR 25mg Cápsula o Comprimido, V.O.;2.97;1,125,240;13,380;68,400;1,207,020;3,584,849.40;
101104601;FLUCONAZOL 150-200mg, tableta o cápsula, V.O.;0.21;0;0;0;0;0.00;
102000702;METOCLOPRAMIDA 5mg/ml, solución, I.M., I.V.;0.11;170,536;22,320;49,578;242,434;26,667.74;
102000901;AGUA ESTERIL, para inyectable, vial o bolsa multiuso con sello de seguridad, 50-100ml.;1.27;87,818;19,500;13,614;120,932;153,583.64;
102001302;FLUFENAZINA DECANOATO 25mg/ml, solución, I.M.;6.44;22,460;1,400;1,208;25,068;161,437.92;
102001901;INMUNOGLOBULINA ANTID HUMANA 125150mcg/ml o su equivalente en UI, solución, vial I.M.;50.00;472;40;0;512;25,600.00;
102002101;DIFENHIDRAMINA 10mg/ml, solución, I.M., I.V.;0.90;49,578;12,800;0;62,378;56,140.20;
102002701;ESCOPOLAMINA BUTILBROMURO (HIOSCINA) 20mg/ml, solución, I.M., I.V.;0.33;75,880;3,000;360;79,240;26,149.20;
102003001;CALCIO GLUCONATO 10%, solución, I.V.;0.75;128,808;6,484;26,180;161,472;121,104.00;
102003801;CLORFENIRAMINA MALEATO 10mg/ml,  solución, I.M., I.V.;0.35;0;10,090;18,380;28,470;9,936.03;
102004401;DEXAMETASONA FOSFATO SÓDICO (LIBRE DE ALCOHOL BENCÍLICO) 4mg/ml, solución, I.M., I.V.;0.30;392,788;5,530;114,380;512,698;154,322.10;
102004601;DEXTROSA EN AGUA, al 5% en SOLUCIÓN SALINA al 0.9%, solución, envase plástico (bolsa o frasco) con equipo adaptable desechable para Infusión Intravenosa, 500ml.;0.57;56,506;4,252;3,936;64,694;36,875.58;
102004701;DEXTROSA EN AGUA, al 5% en SOLUCIÓN SALINA al 0.9%, solución, envase plástico (bolsa o frasco), con equipo adaptable desechable para Infusión Intravenosa, 1,000ml.;0.69;33,258;14,608;26,572;74,438;51,362.22;
102004801;DEXTROSA EN AGUA, al 5%, solución, envase plástico (bolsa o frasco), con equipo adaptable desechable para Infusión Intravenosa, 500ml.;0.67;7,180;2,840;19,120;29,140;19,523.80;
102004901;DEXTROSA EN AGUA, al 5%, solución, envase plástico (bolsa o frasco), con equipo adaptable desechable para Infusión intravenosa, 1,000ml.;1.23;177,212;13,832;1,824;192,868;237,227.64;
102005001;DEXTROSA EN AGUA, al 10%, solución, envase plástico (bolsa o frasco), con equipo adaptable desechable para Infusión Intravenosa, 500 ml. I.V.;0.64;46,216;1,196;1,568;48,980;31,347.20;
102005302;DEXTROSA al 50%, solución, vial o frasco o bolsa, 50-100ml, I.V.;0.57;92,775;4,315;87,614;184,704;105,281.28;
102005901;EFEDRINA SULFATO 25-60mg/ml, solución,  I.V.;5.35;0;0;0;0;0.00;
102007401;NALOXONA 0.4mg/ml, solución, I.M., I.V., S.C.;1.78;0;488;0;488;868.64;
102008501;BLEOMICINA SULFATO 15U,  polvo liofilizado, S.C., I.M., I.V.;59.50;2,028;200;0;2,228;132,566.00;
102008901;DOXORUBICINA CLORHIDRATO 10mg-50mg, polvo liofilizado o solución, I.V.;5.22;600;0;0;600;3,132.00;
102009401;RINGER LACTATO, solución, envase plástico (bolsa o frasco), con equipo adaptable desechable para Infusión Intravenosa 1,000ml.;0.71;0;0;0;0;0.00;
102010701;RINGER LACTATO, solución, envase plástico (bolsa o frasco), con equipo adaptable desechable para Infusión Intravenosa, 500ml.;0.59;0;0;0;0;0.00;
102011701;MAGNESIO SULFATO 10%, solución, I.V.;0.21;39,464;6,188;22,194;67,846;14,247.66;
102011801;PETIDINA (MEPERIDINA) 50mg/ml, solución, I.M., I.V.;2.22;0;0;600;600;1,332.00;
102013401;NOREPINEFRINA BITARTRATO (sal), equivalente a NOREPINEFRINA (base) 1mg/ml, solución, I.V.;0.79;81,000;3,176;0;84,176;66,499.04;
102013601;BENCILPENICILINA BENZATÍNICA 2,400,000UI, polvo liofilizado, I.M.;0.94;0;0;10,512;10,512;9,881.28;
102013701;ANTAGONISTAS DE RECEPTORES 5-HT3: ONDANSETRÓN CLORHIDRATO 2mg/ml, solución, I.V., o TROPISETRÓN 1mg/ml, solución,I.V., o GRANISETRÓN 1mg/ml, solución, I.V.;0.51;96;0;0;96;48.86;
102013801;OLIGOELEMENTOS o ELEMENTOS TRAZAS PARA PEDIATRÍA CON ZINC, COBRE, MANGANESO, solución, I.V.;2.60;436;0;0;436;1,133.60;
102013901;ATRACURIO BESILATO 10mg/ml, solución, I.V.;1.00;13,376;3,785;4,020;21,181;21,181.00;
102014001;BENCILPENICILINA SÓDICA 1,000,000UI, polvo liofilizado, I.V.;0.58;3,964;736;45,966;50,666;29,386.28;
102014101;BENCILPENICILINA PROCAÍNICA 600,000 – 800,000UI, con o sin BENCILPENICILINA cristalina SÓDICA o POTÁSICA, polvo liofilizado, I.M.;0.30;317,700;25,600;31,000;374,300;112,290.00;
102014501;VASOPRESINA ACUOSA 10U/0.5ml, solución, S.C., I.M., I.V.;4.00;18,310;30;1,200;19,540;78,160.00;
102014901;POTASIO CLORURO 2mEq/ml, solución, I.V.;0.44;410,390;9,258;12,410;432,058;190,105.52;
102016401;NEOSTIGMINA METILSULFATO 0.5mg/ml, solución, I.M., I.V., S.C.;1.31;0;0;0;0;0.00;
102017101;"METILPREDNISOLONA ACETATO o TRIAMCINOLONA ACETONIDO o DIACETATO: 40mg/ml, solución o suspensión Intramuscular; Intraarticular, Tejidos Blandos e Intralesional.";2.26;0;0;0;0;0.00;
102017401;SODIO CLORURO, al 0.9%, solución, envase plástico (bolsa o frasco), con equipo adaptable desechable para Infusión Intravenosa, 500ml.;0.64;692,168;50,984;138,240;881,392;564,090.88;
102017602;SODIO CLORURO, al 0.9%, solución, envase plástico (bolsa o frasco), con equipo adaptable desechable para Infusión Intravenosa, 1,000ml.;0.83;514,785;35,200;19,280;569,265;472,489.95;
102018101;SODIO BICARBONATO 7.5%, solución hipertónica, I.V.;1.75;27,804;23,516;3,672;54,992;96,236.00;
102019001;SODIO CLORURO 20-25%, solución hipertónica, I.V.;15.00;26,284;1,000;6,809;34,093;511,360.91;
102019101;HIDROCORTISONA SUCCINATO SÓDICO 50mg/ml, polvo liofilizado, I.M., I.V.;1.07;44,410;15,260;9,990;69,660;74,466.54;
102020101;OXITOCINA SINTÉTICA 5-10UI/ml, solución, I.V.;0.14;347,780;11,000;33,300;392,080;54,499.12;
102022701;CIANOCOBALAMINA 1,000mcg/ml, solución, I.M.;0.16;0;0;1,200;1,200;189.60;
102023801;AMPICILINA SÓDICA 1g, polvo liofilizado, I.M., I.V.;0.18;43,370;19,950;44,350;107,670;19,272.93;
102023901;BIPERIDENO LACTATO 5mg/ml, solución, I.M., I.V.;2.03;0;0;0;0;0.00;
102025001;VINBLASTINA SULFATO 10mg, polvo liofilizado, I.V.;38.93;0;0;0;0;0.00;
102026001;CITARABINA 100mg, polvo liofilizado, I.V.;7.66;28,668;0;0;28,668;219,596.88;
102026801;LIGNOCAÍNA (LIDOCAÍNA) 2%, con preservativo, solución, I.M., I.V.;1.19;0;0;0;0;0.00;
102027801;MEDROXIPROGESTERONA, larga acción, 150mg/ml, solución, I.M.;2.96;0;1,450;6,182;7,632;22,590.72;
102030701;FENTANILO 0.05mg/ml, I.M., I.V.;0.50;431,118;83,800;99,280;614,198;306,484.80;
102031702;FUROSEMIDA 10mg/ml, solución,  I.M., I.V.;0.11;113,830;36,702;224,285;374,817;41,229.87;
102032401;ATROPINA SULFATO 1mg/ml, solución,  S.C., I.M., I.V.;0.52;404;0;0;404;210.08;
102033301;GENTAMICINA SULFATO 40mg/ml, solución, I.M., I.V.;0.17;0;8,800;9,631;18,431;3,133.27;
102037201;KETAMINA 50mg/ml, solución, I.M., I.V.;3.14;0;1,435;0;1,435;4,505.90;
102037401;CICLOFOSFAMIDA 500mg–1g,  polvo liofilizado, I.V.;8.88;3,495;54;400;3,949;35,067.12;
102037601;MANITOL 20%, solución para Infusión Intravenosa, con equipo adaptable desechable I.V., (con filtro).;0.75;7,152;2,491;11,972;21,615;16,211.25;
102040101;HALOPERIDOL 5mg/ml, solución, I.M.;0.76;1,188;4,280;0;5,468;4,144.74;
102041301;HIDRALAZINA CLORHIDRATO 20mg/ml, polvo o solución, I.M., I.V.;8.63;28,454;1,060;11,360;40,874;352,742.62;
102041901;OXACILINA SÓDICA 1g, polvo liofilizado, I.V.;0.21;242,500;13,900;33,300;289,700;60,837.00;
102042601;DACARBAZINA CITRATO  200mg, polvo liofilizado, I.V.;6.77;223;0;0;223;1,509.71;
102043901;AMIKACINA SULFATO 250 MG/ML, solución, I.M., I.V.;1.60;49,612;4,688;12,280;66,580;106,528.00;
102044201;BUPIVACAÍNA CLORHIDRATO 0.5%, solución, Vía Parenteral.;1.55;14,386;0;50;14,436;22,375.80;
102044501;DICLOFENACO SÓDICO 25mg/ml, solución, I.M. o I.M./I.V.;0.08;0;0;0;0;0.00;
102045001;AMINOÁCIDOS CRISTALINOS al 10%, solución, 500ml, I.V.;5.88;10,160;4,010;6,340;20,510;120,598.80;
102045101;DOPAMINA CLORHIDRATO 4050mg/ml, solución, I.V.;1.25;23,740;790;130;24,660;30,825.00;
102045401;VERAPAMILO CLORHIDRATO 5mg, solución, I.V.;3.54;204;864;0;1,068;3,780.72;
102045801;MITOMICINA 5mg, polvo liofilizado, I.V.;20.76;0;0;0;0;0.00;
102047001;DIPIRONA CON SALES MAGNÉSICAS 2g/5ml, solución, I.M., I.V.;0.54;1,531,884;86,246;260,200;1,878,330;1,014,298.20;
102047601;FENITOÍNA SÓDICA 50mg/ml, solución, I.V.;0.02;23,806;0;0;23,806;476.12;
102048101;AMINOFILINA 25mg/ml, solución, I.V.;0.40;17,962;511;248;18,721;7,488.40;
102048201;ADRENALINA CLORURO (EPINEFRINA) 1:1,000, 1mg/ml, solución, 1ml, S.C. I.M. I.V.;0.45;88,951;12,461;28,496;129,908;58,458.60;
102048301;ISOPROTERENOL 0.2mg/ml, solución, I.V.;22.00;0;0;0;0;0.00;
102048601;PROPRANOLOL CLORHIDRATO 1mg/ml, solución, I.V.;10.97;2,276;360;880;3,516;38,570.52;
102048801;ACETILCOLINA CLORURO 1:100 o CARBACOL 0.01%, solución estéril, Vía Oftálmica.;28.00;488;0;48;536;15,008.00;
102049301;DIGOXINA 0.25mg/ml, solución, I.V.;3.59;108;666;798;1,572;5,643.48;
102051901;ALBÚMINA HUMANA POBRE EN SODIO 10g/50ml (20%) ó 12.5g/50ml (25%), solución,  I.V.;23.00;0;0;0;0;0.00;
102052401;DIMENHIDRINATO 10mg/ml, solución, I.V.;1.42;100;0;19,270;19,370;27,505.40;
102052601;FITOMENADIONA (VITAMINA K) 10mg/ml, solución, I.M., I.V.;0.98;0;0;300;300;294.00;
102053001;AMINOCAPRÓICO ÁCIDO 250mg/ml, solución, I.V.;35.00;1,320;32;2,808;4,160;145,600.00;
102053201;HEPARINA SÓDICA 5,000UI/ml, solución, I.V., S.C.;3.07;10,920;0;0;10,920;33,524.40;
102053501;PROTAMINA CLORHIDRATO o SULFATO 10mg/ml ó 1,000U/ml, solución, I.V.;9.52;29,166;550;80;29,796;283,657.92;
102053901;METOTREXATE 25mg/ml, solución isotónica parenteral libre de preservativos, I.M., I.T., I.V.;5.71;6,220;240;140;6,600;37,712.40;
102054301;VINCRISTINA SULFATO 1mg, polvo liofilizado o solución, I.V.;11.34;0;0;0;0;0.00;
102055301;ANFOTERICINA B 50mg, polvo liofilizado, I.V.;5.19;1,450;270;420;2,140;11,106.60;
102055501;CEFALOTINA SÓDICA 1g, polvo liofilizado, I.V.;0.69;312,150;12,900;7,500;332,550;229,459.50;
102059001;SUERO ANTIOFÍDICO, POLIVALENTE, (QUE INCLUYE ANTI-B  ASPER/ATROX), CON ANTILAQUÉSICO, solución, vial, 10ml, I.V.;41.48;5,440;2,140;2,820;10,400;431,392.00;
102059401;DIAZEPAM 5mg/ml, solución, I.M., I.V.;1.42;58,909;700;429;60,038;85,253.96;
102059601;SUXAMETONIO (SUCCINILCOLINA) CLORURO 50mg/ml, polvo liofilizado, I.V.;13.08;466;210;960;1,636;21,398.88;
102060101;CISPLATINO 10mg, polvo liofilizado o solución, I.V.;6.98;0;0;0;0;0.00;
102060301;CLINDAMICINA FOSFATO 150mg/ml, solución, I.M., I.V.;0.32;112,916;41,100;23,400;177,416;56,773.12;
102061601;METILPREDNISOLONA SUCCINATO SÓDICO 500mg polvo liofilizado o solución, I.V.;3.63;51,993;23,673;19,248;94,914;344,537.82;
102062401;SALINA BALANCEADA, solución estéril, Uso Intraocular.;9.00;3,460;48;160;3,668;33,012.00;
102062501;CEFTRIAXONA SÓDICA 500mg, polvo liofilizado, con diluyente lidocaína 1%, I.M.;2.17;27,464;36,064;33,346;96,874;210,216.58;
102062701;CEFTRIAXONA SÓDICA 1g, polvo liofilizado, I.V.;0.29;0;0;0;0;0.00;
102062801;CEFOXITINA SÓDICA 1g, polvo liofilizado, I.V.;1.42;13,790;11,530;16,600;41,920;59,484.48;
102063001;DOBUTAMINA 250mg, solución, I.V.;2.73;9,106;300;4,110;13,516;36,898.68;
102063201;VANCOMICINA 500mg, polvo liofilizado, I.V.;0.88;47,400;7,200;2,400;57,000;50,103.00;
102064001;ASPARAGINASA 10,000UI, polvo liofilizado, I.V.;66.50;870;0;90;960;63,840.00;
102064701;ETOPÓSIDO 20mg/ml, solución, I.V.;5.11;0;0;0;0;0.00;
102066301;CEFOTAXIMA 1g, polvo liofilizado, I.V.;0.28;49,040;2,600;42,000;93,640;26,593.76;
102066801;MORFINA CLORHIDRATO o SULFATO 10mg/ml, solución, S.C., I.M., I.V.;0.38;13,960;20,520;10,800;45,280;17,342.24;
102069001;METRONIDAZOL 500mg, solución, I.V.;0.34;135,776;3,200;47,450;186,426;63,384.84;
102070601;EMULSIÓN DE LÍPIDOS DE CUARTA GENERACIÓN: ACEITE DE SOYA 40-60g/1000ml, TRIGLICÉRIDOS DE CADENA MEDIA 40-60g/1000ml, ACEITE DE OLIVA 40-60g/1000ml, ACEITE DE PESCADO RICO EN OMEGA-3 20-30g/1000ml, bolsa plástica o frasco, 500ml, I.V.;35.00;3,840;55;0;3,895;136,325.00;
102072101;CEFTAZIDIMA 1g, polvo liofilizado, I.M., I.V.;0.69;26,448;4,800;11,060;42,308;29,065.60;
102072301;INSULINA NPH (HUMANA) 100UI/ml, suspensión, S.C.;3.64;263,652;7,970;16,850;288,472;1,050,038.08;
102072401;INSULINA REGULAR (HUMANA) 100UI/ml,  solución, S.C., I.V.;3.80;45,936;4,690;3,580;54,206;205,982.80;
102072601;INMUNOGLOBULINA 5-10g, polvo liofilizado o solución, I.V.;367.00;16,290;1,920;1,340;19,550;7,174,850.00;
102073001;PROPOFOL 10mg/ml, emulsión, I.V.;1.18;111,730;4,180;10,590;126,500;149,270.00;
102073301;ACICLOVIR 25mg/ml, polvo liofilizado, I.V.;2.19;29,880;230;7,180;37,290;81,665.10;
102073401;ERITROPOYETINA 2,000UI, solución, polvo liofilizado, S.C., I.V.;1.64;794,050;89,600;86,000;969,650;1,590,226.00;
102073501;IFOSFAMIDA 1g, polvo liofilizado, I.V.;11.25;1,826;0;0;1,826;20,542.50;
102073601;MESNA 100mg/ml, solución, I.V.;3.73;8,760;0;120;8,880;33,122.40;
102073701;MIDAZOLAM 5mg/ml, solución, I.V.;0.69;129,218;19,920;13,520;162,658;112,234.02;
102074001;LEUCOVORINA CÁLCICA (ACIDO FOLÍNICO) 50mg, polvo liofilizado o solución, I.M., I.V.;4.70;0;0;0;0;0.00;
102074201;FACTOR VIII ANTIHEMOFÍLICO HUMANO DE ORIGEN PLASMÁTICO CON O SIN FACTOR DE VON WILLEBRAND, con doble inactivación viral o inactivación viral y eliminación viral 250-1,000UI, solución o polvo, vial,  I.V.;60.25;1,992;487;2,200;4,679;281,909.75;
102074301;GLICERIL TRINITRATO (NITROGLICERINA) 5mg/ml, solución, I.V.;7.45;3,224;740;600;4,564;34,001.80;
102074401;COMPLEJO PROTROMBÍNICO, con un mínimo de 200UI de FACTOR IX, solución o polvo liofilizado, I.V.;144.50;0;0;0;0;0.00;
102075001;CARBAPENEM: IMIPENEM 500mg con CILASTATINA 500mg, polvo liofilizado, I.V.;2.40;19,270;348;8,736;28,354;68,049.60;
102075301;GANCICLOVIR 500mg, polvo liofilizado, I.V.;57.00;0;0;0;0;0.00;
102075401;SURFACTANTE PULMONAR: COLFOSCERILO PALMITATO o FOSFOLÍPIDO 100-240mg, suspensión, Vía Endotraqueal.;147.72;2,048;16;12;2,076;306,666.72;
102075501;NIMODIPINA 10mg/50ml, solución, I.V.;6.00;4,704;320;960;5,984;35,904.00;
102075601;OCTREOTIDE 0.1mg, solución, I.V., S.C.;2.88;400;0;850;1,250;3,600.00;
102075701;SODIO CLORURO, 0.9%,  solución, envase plástico (bolsa o frasco), 3,000ml, I.V.;4.81;7,012;1,264;0;8,276;39,824.11;
102075901;FLUMAZENIL 0.1mg/ml, solución, I.V.;3.65;5,170;200;0;5,370;19,600.50;
102076101;CARBOPLATINO 150mg,  polvo liofilizado o solución, I.V.;35.00;1,644;0;20;1,664;58,240.00;
102076401;INMUNOGLOBULINA 2.5-3g, polvo liofilizado o solución, I.V.;183.50;1,581;0;0;1,581;290,113.50;
102077101;CIPROFLOXACINA LACTATO 200mg, solución, I.V;0.37;153,324;11,280;31,560;196,164;72,580.68;
102077201;FLUCONAZOL 2mg/ml, solución, I.V.;0.94;355;35;60;450;423.00;
102077301;HEPARINA DE BAJO PESO MOLECULAR, CON ACTIVIDAD ANTI-Xa  2,500-4,000UI, solución, jeringa prellenada, S.C.;3.47;267,428;34,160;16,416;318,004;1,103,473.88;
102077501;CEFEPIME 1g, polvo liofilizado, I.V.;0.84;95,320;11,930;9,720;116,970;98,254.80;
102077801;FACTOR ESTIMULANTE DE COLONIAS DE GRANULOCITOS (G-CSF): FILGRASTIM 300mcg, solución, S.C., I.V.;14.00;10,836;1,412;600;12,848;179,872.00;
102077901;MEROPENEM 1g, polvo liofilizado, I.V.;3.11;177,008;26,740;25,400;229,148;712,650.28;
102078001;PIPERACILINA 4g con TAZOBACTAM 500mg, polvo liofilizado, I.V.;1.78;192,550;28,140;39,680;260,370;463,458.60;
102078101;AMINOÁCIDOS CRISTALINOS al 10%, con CISTEÍNA, HISTIDINA, TAURINA y TIROSINA, solución, 250-500ml, I.V.;10.00;2,560;0;0;2,560;25,600.00;
102078201;DEXTROSA HIPERTÓNICA 50% a 70%, solución, 500ml a 2,000ml, I.V.;7.97;0;160;0;160;1,275.20;
102078301;OLIGOELEMENTOS o ELEMENTOS TRAZAS PARA ADULTOS CON ZINC, COBRE, MANGANESO Y CROMO, solución, I.V.;12.10;0;0;0;0;0.00;
102078401;POTASIO FOSFATO 3mmol/ml, solución, I.V.;13.58;3,776;400;0;4,176;56,710.08;
102078501;AGUA ESTÉRIL, frasco o bolsa, 1,000-4,000ml, Vía Parenteral.;1.13;9,521;46,510;44,204;100,235;113,466.02;
102078701;OMEPRAZOL, 40MG, POLVO LIOFILIZADO, I.V.;0.43;143,756;35,322;49,216;228,294;98,166.42;
102079001;HIERRO NO DEXTRÁN, 10-20MG/ML, SOLUCIÓN, I.V.;1.97;20,807;28,700;2,300;51,807;102,059.79;
102079101;TIROFIBAN CLORHIDRATO 0.25mg/ml, solución, I.V.;10.00;0;0;0;0;0.00;
102079201;DEXTROSA EN AGUA, AL 5% EN SOLUCIÓN SALINA AL 0.33%, SOLUCIÓN, ENVASE PLÁSTICO (BOLSA O FRASCO), CON EQUIPO ADAPTABLE DESECHABLE PARA INFUSIÓN INTRAVENOSA, 500ML.;0.41;54,842;24,204;22,800;101,846;41,756.86;
102079301;AMIODARONA 50mg/ml, solución, I.V.;2.34;0;0;0;0;0.00;
102079401;ADENOSINA, 3MG/ML, SOLUCIÓN, . I.V.;5.18;0;0;0;0;0.00;
102079501;LEVOFLOXACINA, 500MG, SOLUCIÓN, I.V.;0.98;1,078;1,319;868;3,265;3,199.70;
102079601;METOTREXATE, 1G, SOLUCIÓN , I.M., I.T., I.V.;60.67;676;0;20;696;42,226.32;
102079701;CITARABINA 500mg-1000mg, polvo estéril para solución inyectable, I.V. Infusión I.V., S.C., Intratecal.;17.29;5,466;0;0;5,466;94,507.14;
102079801;GEMCITABINA CLORHIDRATO 1g, polvo liofilizado,  I.V.;22.56;2,272;0;0;2,272;51,256.32;
102080001;ROCURONIO BROMURO 10mg/ml, solución, I.V.;2.88;48;2,160;948;3,156;9,089.28;
102080201;DEXTROSA EN AGUA, AL 5% EN SOLUCIÓN SALINA AL 0.45%, SOLUCIÓN, ENVASE PLÁSTICO (BOLSA O FRASCO), CON EQUIPO ADAPTABLE DESECHABLE PARA INFUSIÓN INTRAVENOSA, 500ML.;0.88;18,687;480;3,360;22,527;19,823.76;
102080301;BASILIXIMAB, 20MG, POLVO LIOFILIZADO, I.V.;1,398.50;0;0;0;0;0.00;
102080401;LEUPRORELINA (LEUPROLIDE) ACETATO, 11.25MG, POLVO LIOFILIZADO, S.C., I.M.;226.83;0;0;0;0;0.00;
102080801;RITUXIMAB 100mg, solución, I.V.;60.72;5,172;0;410;5,582;338,939.04;
102080901;EPOETINA  (ERITROPOYETINA)  20,000-50,000UI, solución o polvo, S.C., I.V.;95.00;4,760;0;180;4,940;469,300.00;
102081101;ZOLEDRÓNICO ÁCIDO 4mg, solución, I.V.;18.50;1,088;728;80;1,896;35,076.00;
102081301;INTERFERON BETA 1B, 250 MCG (8 MILLONES UI)/ML, POLVO LIOFILIZADO, SC.;90.00;165;105;0;270;24,300.00;
102081401;Interferon beta 1a, 44mcg (12 millones UI), solución, sin albúmina, S.C.;115.17;5,756;360;384;6,500;748,605.00;
102081501;Interferon beta 1a, 30mcg (6 millones UI), polvo liofilizado, I.M.;286.00;988;180;48;1,216;347,776.00;
102081601;IRINOTECAN CLORHIDRATO 20mg/ml, solución, I.V.;18.00;1,264;0;40;1,304;23,472.00;
102081701;RITUXIMAB 500mg, solución, I.V.;181.22;3,437;780;412;4,629;838,867.38;
102081801;MEGLUMINA ANTIMONIATO 1.5g/5ml, sal activa en solución 81mg/ml,  I.M., I.V.;0.74;6,276;200;7,180;13,656;10,105.44;
102082101;INSULINA ANÁLOGA DE ACCIÓN PROLONGADA GLARGINA, 100UI/ml, solución, S.C.;42.90;21,345;20,210;14,770;56,325;2,416,342.50;
102082201;TOCILIZUMAB 20mg/ml, solución concentrada, I.V.;260.00;19,789;550;1,378;21,717;5,646,420.00;
102082301;Tigeciclina clorhidrato, 50mg, polvo liofilizado, I.V.;11.62;5,700;1,270;1,630;8,600;99,932.00;
102082401;Ertapenem, 1g, polvo liofilizado para solución inyectable, I.M., I.V.;49.66;20,248;1,524;2,454;24,226;1,203,063.16;
102090601;Trimetoprin 16mg con Sulfametoxazol 80mg/ml, solución, I.V.;14.48;0;0;0;0;0.00;
102090701;Octreotide, 20mg, acción prolongada, polvo liofilizado, I.M.;490.20;0;90;352;442;216,668.40;
102090801;Labetalol Hidrocloruro 5mg/ml, solucion, I.V.;17.68;15,410;5,356;2,785;23,551;416,381.68;
102091201;Busulfano, 6mg/ml, solución, I.V.;319.00;780;0;0;780;248,820.00;
102091301;CASPOFUNGINA 50mg, polvo liofilizado, I.V.;39.50;4,141;1,764;320;6,225;245,887.50;
102091401;CICLOSPORINA 50mg/ml, solución, I.V.;9.90;1,280;0;0;1,280;12,672.00;
102091601;DAUNORUBICINA HIDROCLORURO 20mg, polvo liofilizado, I.V.;50.00;0;0;0;0;0.00;
102091701;Etanercept,  50mg, S.C.;169.97;23,792;2,804;3,164;29,760;5,058,307.20;
102091801;Factor VIII rico en Factor Von Willebrand, 250-500UI, polvo liofilizado, vial, I.V.;60.00;163;440;0;603;36,180.00;
102092101;Heparina bajo peso molecular (Enoxaparina Sódica), actividad anti-Xa 8,000UI, solución, jeringa prellenada, 0.8ml, S.C.;5.89;1,320;10,254;5,800;17,374;102,332.86;
102092301;Infliximab, 100mg, polvo liofilizado, I.V.;144.30;148;9;1,048;1,205;173,881.50;
102092501;LEVOBUPIVACAÍNA CLORHIDRATO 5mg/ml, solución, Vía Parenteral.;3.23;0;0;0;0;0.00;
102092601;Linezolid, 600mg, solución, I.V.;7.95;9,940;840;1,540;12,320;97,944.00;
102092701;MELFALANO CLORHIDRATO 50mg, polvo liofilizado, I.V.;125.00;264;0;0;264;33,000.00;
102092801;Milrinona, 1mg/ml, solución, I.V.;12.78;0;0;120;120;1,533.60;
102092901;Paricalcitol, 5mcg/ml, solución, I.V.;1.65;4;44,420;0;44,424;73,299.60;
102093001;POLIMIXINA B SULFATO 500,000UI, polvo o solución, I.M., I.V.;13.01;17,864;10;7,160;25,034;325,692.34;
102093201;Teicoplanina, 400mg, polvo liofilizado, I.M, I.V.;20.87;4,284;1,310;1,254;6,848;142,917.76;
102093301;TOXINA BOTULÍNICA TIPO A 100UI, polvo, I.M.;265.80;44;6;0;50;13,290.00;
102093401;Tramadol clorhidrato, 50mg/ml, solucion, I.V.;0.14;103,816;34,052;99,864;237,732;33,282.48;
102093601;LEVOSIMENDAN 2.5mg/ml, solución, I.V.;633.00;88;0;0;88;55,704.00;
102093901;BORTEZOMIB 3.5mg,  polvo liofilizado,  I.V., S.C.;35.00;0;0;0;0;0.00;
102094101;Aminoácidos, al 13.4%, enriquecido con Glutamina, solución, 500-1,000ml, I.V.;65.00;5,720;1,672;200;7,592;493,480.00;
102094201;Dipéptido Alanina-Glutamina, al 20%, solución, frasco, 100ml, I.V.;49.00;1,000;376;816;2,192;107,408.00;
102094501;Dornase Alfa (Desoxirribonucleasa), 1mg/ml, solución, nebulización;43.33;10,392;0;0;10,392;450,285.36;
102094601;DEXTROSA EN AGUA al 5%, solución, bolsa plástica con dos salidas, con equipo adaptable desechable para Infusión Intravenosa, 50ml.;0.52;0;0;0;0;0.00;
102094701;DEXTROSA EN AGUA al 5%, solución, bolsa plástica con dos salidas, con equipo adaptable desechable para Infusión Intravenosa, 100ml.;0.56;0;0;0;0;0.00;
102094901;LIDOCAÍNA 2%, solución sin preservativo, Vía Infiltración Local, Troncular, Peridural, I.M., I.V.;2.25;22,188;3,840;0;26,028;58,563.00;
102095001;Desmopresina acetato, 15 mcg/ml, solución, I.V., S.C.;60.50;0;480;240;720;43,560.00;
102095101;Insulina Análoga Lispro, 100 UI/ml, solucion, I.V.;31.12;956;218;180;1,354;42,136.48;
102095201;Suero antiofídico anti-coral (contra Micrurus nigrocintus Micrurus fulvius y Micrurus d. arinicaudus), solución o polvo liofilizado, ampolla o vial, 10ml, I.M., I.V.;51.60;0;0;0;0;0.00;
102095301;Icodextrina, 7.5%, solución, intraperitoneal;21.50;41,184;3,920;29,076;74,180;1,594,870.00;
102095501;TESTOSTERONA UNDECANOATO 1,000mg, solución, I.M.;70.00;124;160;13;297;20,790.00;
102095601;Hormona de crecimiento (somatropina), 5-16 mg, solución o polvo con diluyente, S.C.;62.40;1,376;64;0;1,440;89,856.00;
102095701;Palivizumab 100 mg/ml, polvo liofilizado o solución, I.M.;1,131.22;1,078;64;0;1,142;1,291,853.24;
102096001;Derivados de Acido Hialurónico de alto peso molecular (mayor de 4 millones de Daltons), solución, uso via intra-articular.;106.16;0;0;0;0;0.00;
102096101;FACTOR IX, 600 UI, POLVO Y DISOLVENTE PARA SOLUCIÓN INYECTABLE O PARA PERFUSIÓN, I.V. / FACTOR IX, 50-600 UI/ml, POLVO Y DISOLVENTE PARA SOLUCION INYECTABLE O PARA PERFUSION, I.V.;390.00;56;348;0;404;157,560.00;
102096301;AZACITIDINA 100mg, polvo  para preparación inyectable o para perfusión, S.C., I.V.;173.60;0;0;200;200;34,720.00;
102096401;NATALIZUMAB, 300 MG CONCENTRADO PARA SOLUCIÓN PARA PERFUSIÓN, I.V.;2,940.00;326;0;0;326;958,440.00;
102096501;ADALIMUMAB, 40mg, solución inyectable, S.C.;139.32;9,003;1,430;44;10,477;1,459,655.64;
102097801;ALTEPLASA (rtpA) 50mg, polvo liofilizado, I.V.;447.75;2,790;104;384;3,278;1,467,724.50;
102097901;"FORMULACIÓN PARA ALIMENTACIÓN PARENTERAL EN BOLSA DE TRES CÁMARAS: NUTRICIÓN PARENTERAL PERIFÉRICA COMPLETA: EMULSIÓN LIPÍDICA 20%+ GLUCOSA 11% + AMINOÁCIDO Y ELECTROLITOS; solución, bolsa, 1440 ml, I.V.; VEN: FALTA Origen de la Molécula: Síntesis Química.";53.94;1,280;848;832;2,960;159,662.40;
102098401;LIDOCAÍNA CLORHIDRATO 2% con EPINEFRINA 1:100.000, solución, Infiltración Bucal.;0.25;122,850;31,600;33,300;187,750;47,125.25;
102098501;MEPIVACAÍNA CLORHIDRATO 3% (30mg/ml) SIN VASOCONSTRICTOR, solución, Infiltración Bucal.;0.26;200,850;5,750;0;206,600;53,922.60;
102098901;DEXMEDETOMIDINA CLORHIDRATO 100mcg a 400mcg, solución, I.V.;12.22;0;35;460;495;6,048.90;
102099001;BENDAMUSTINA, 100 MG, I.V.;107.15;1,364;320;0;1,684;180,440.60;
102099101;BENDAMUSTINA, 25 MG, I.V.;57.90;4,872;0;832;5,704;330,261.60;
102099201;GOSERELINA, 10.8MG, S.C.;400.00;0;58;144;202;80,800.00;
102099301;FACTOR VII A RECOMBINANTE HUMANO 1mg a 2mg, I.V.;1,450.00;660;0;0;660;957,000.00;
102099401;SODIO CLORURO al 0.9%, solución, bolsa plástica con dos salidas, con equipo adaptable desechable para Infusión Intravenosa, 100ml.;0.50;25,774;8,170;0;33,944;16,972.00;
102099901;VORICONAZOL 200MG, POLVO, I.V.;14.00;100;320;0;420;5,880.00;
102100001;DEXKETOPROFENO 25mg/ml, solución para perfusión, I.V., I.M.;0.32;170,160;7,920;0;178,080;57,163.68;
102100101;PARACETAMOL 10mg/ml, solución para perfusión, I.V.;1.09;4,220;1,050;4,680;9,950;10,815.65;
102101601;METOXIPOLIETILENGLICOL ERITROPOYETINA BETA 100mcg/0.3mL, solución, S.C.;155.00;856;584;3,916;5,356;830,180.00;
102101701;METOXIPOLIETILENGLICOL ERITROPOYETINA BETA, 50mcg/0.3mL, solución, S.C.;77.50;0;0;0;0;0.00;
102102601;OMALIZUMAB, 150mg, POLVO P/SOLU, S.C;540.30;80;61;360;501;270,690.30;
102106001;PALIPERIDONA PALMITATO, 150mg, solución o suspensión, l.M.;0.00;70;0;0;70;0.00;
103000101;BUDESONIDA 160MG / FORMOTEROL FUMARATO DIHIDRATADO 4.5mcg, polvo o aerosol o suspensión para inahalación V.O.;35.00;4,232;282;0;4,514;157,990.00;
103000401;ALUMINIO ACETATO ÁCIDO 0.050%- 0.060%, loción, pH: 3.5-4.8, frasco, 120ml, Vía Tópica;0.93;0;0;0;0;0.00;
103000501;METOCLOPRAMIDA, 5MG/5ML, JARABE, FRASCO, 90-125ML, V.O.;0.80;71,520;37,958;40,836;150,314;120,251.20;
103000601;DEXTROMETORFANO BROMHIDRATO 10mg/5ml, jarabe, frasco, 120ml, V.O.;0.62;473,772;21,960;9,720;505,452;313,380.24;
103000701;RUIBARBO 1.5% y SODIO 3.5%, mixtura, frasco, 120-240ml, V.O.;1.50;115,788;6,840;396;123,024;184,536.00;
103001801;HALOPERIDOL 2mg/ml, gotas, solución, frasco cuentagotas o gotero calibrado, 15ml, V.O.;4.40;0;0;0;0;0.00;
103002901;CLORANFENICOL, 0.5%, GOTAS, SOLUCIÓN, FRASCO 5-15ML, VÍA OFTÁLMICA;3.70;0;76;0;76;281.20;
103003201;HIDROCORTISONA 0.25-2.5%, loción, frasco, 15-30ml, Vía Tópica. (Corticoide de baja potencia).;3.90;0;0;0;0;0.00;
103003401;POLIMIXINA B, NEOMICINA, HIDROCORTISONA 1%, gotas, suspensión, frasco, 5ml, Vía Ótica.;14.20;0;0;0;0;0.00;
103005501;METACRESOLSULFÓNICO ÁCIDO con FORMALDEHÍDO (POLICRESULENO) 36 - 41%, líquido, frasco, 10-25ml, Vía Tópica.;8.19;0;0;0;0;0.00;
103005802;HOMATROPINA METILBROMURO 5mg/5ml, elixir, frasco, 120ml, V.O.;0.87;0;0;0;0;0.00;
103006801;POTASIO GLUCONATO, 20MEQ/15ML, ELIXIR, FRASCO, 150-200ML, V.O.;8.92;7,063;159;1,995;9,217;82,215.64;
103007501;MUCILOIDES HIDROFÍLICOS DERIVADOS DE PLANTAGINACEAE (equivalente a un  mínimo de 49% de PSYLLIUM), polvo o cáscara, frasco, 200-350g, V.O.;5.80;83,656;2,588;0;86,244;500,215.20;
103007901;ALUMINIO Y MAGNESIO HIDRÓXIDO, 5.9-8.3% DE HIDRÓXIDOS TOTALES, GEL O SUSPENSIÓN, FRASCO, 150-240ML, V.O.                            ;1.20;349,367;38,783;19,324;407,474;488,968.80;
103009501;PASIFLORA, 500MG/5ML, SOLUCIÓN, FRASCO, V.O.;5.50;19,644;5,109;2,740;27,493;151,211.50;
103009901;GUAYACOLATO DE GLICERILO, 100MG/5ML, JARABE, FRASCO, 120ML, V.O.;0.53;129,504;137;10,954;140,595;74,515.35;
103010301;ALUMINIO ACETATO ÁCIDO, (ACETATO DE CALCIO Y SULFATO DE ALUMÍNIO), POLVO, SOBRE,  2-3G, VÍA TÓPICA.;0.38;559,032;75,900;38,750;673,682;255,999.16;
103012801;TRIMETROPIN 40MG CON SULFAMETOXAZOL 200MG/5ML, SUSPENSIÓN  PEDIÁTRICA, FRASCO, 100-120ML, V.O.;0.74;36,200;5,688;4,058;45,946;33,770.31;
103015001;ANTIHISTAMÍNICO CON DESCONGESTIONANTE NASAL: ANTIHISTAMÍNICO: BROMFENIRAMINA, 2MG/5ML, O CLORFENIRAMINA, 2MG/5ML, O DEXBROMFENIRAMINA, 1.5MG/5ML, O TRIPROLIDINA, 1.25MG/5ML CON DESCONGESTIONANTE NASAL: FENILEFRINA, 5MG/5ML, O PSEUDOEFEDRINA, 30MG/5ML, JARABE, FRASCO, 60-90ML, V.O.;0.65;266,468;81,088;36,312;383,868;249,514.20;
103015801;HIDROXICINA, 0.2%, 10MG/5ML, JARABE, FRASCO, 180-200 ML, V.O.;1.18;0;0;0;0;0.00;
103016601;CLORFENIRAMINA  MALEATO, 2-2.5MG/5ML, JARABE, FRASCO, 120ML,  V.O.;0.50;167,020;15,106;7,332;189,458;94,539.54;
103018801;HIERRO (SAL FERROSA), 25MG/ML DE HIERRO ELEMENTAL, GOTAS, FRASCO CON CUENTAGOTAS O GOTERO CALIBRADO, 15-30ML, V.O.;4.89;17,773;43,690;310;61,773;302,069.97;
103019701;PARACETAMOL (ACETAMINOFÉN), 90-100MG/ML, GOTAS, SOLUCIÓN, FRASCO CON CUENTAGOTAS O GOTERO CALIBRADO, 15-30ML, V.O.;1.25;29,037;7,269;3,145;39,451;49,313.75;
103019801;PARACETAMOL (ACETAMINOFÉN), 120-160MG/5ML, JARABE O SOLUCIÓN, FRASCO, V.O.;0.49;346,128;55,996;29,288;431,412;211,391.88;
103020001;NISTATINA, 100,000UI/ML, SUSPENSIÓN, FRASCO CON CUENTAGOTAS O GOTERO CALIBRADO, 24-30ML, V.O.                                                                  ;4.40;25,666;2,826;692;29,184;128,409.60;
103022101;DICLOXACILINA, 250MG/5ML, POLVO PARA SUSPENSIÓN, FRASCO,  60–100ML, V.O.;2.97;49,818;15,456;2,264;67,538;200,587.86;
103025101;FERROSO FUMARATO, 140MG/5ML,  SUSPENSIÓN, FRASCO, 150-200ML, V.O.;3.67;25,288;3,464;3,636;32,388;118,863.96;
103025201;LÁGRIMAS ARTIFICIALES QUE CONTENGAN POLÍMEROS DE ÉSTERES DE CELULOSA,  0.2%-05% Y/O ALCOHOL POLIVINÍLICO, 1%-3%, GOTAS, SOLUCIÓN, 15-20ML, VÍA OFTÁLMICA  ;0.53;204,393;26,716;14,950;246,059;130,165.21;
103027401;PIPACETATO, 40MG/ML, GOTAS, FRASCO, 15ML, V.O.;5.95;51,240;0;0;51,240;304,878.00;
103030501;POLIESTIRENO SULFONATO, POLVO, POTE O FRASCO, 453.6 G,  V.O., VÍA RECTAL;30.42;1,401;72;96;1,569;47,728.98;
103032801;CEFALEXINA, 250MG/5ML, GRÁNULO O POLVO PARA SUSPENSIÓN O JARABE, 60- 100ML, FRASCO, V.O.;2.78;0;0;0;0;0.00;
103035301;MULTIVITAMINAS GOTAS, FRASCO CON CUENTAGOTAS O GOTERO CALIBRADO, 15-30ML V.O.;5.13;0;0;0;0;0.00;
103036001;DIFENHIDRAMINA, 12.5MG/5ML, JARABE, FRASCO 120ML, V.O.;0.65;287,504;9,880;9,360;306,744;199,383.60;
103037001;METRONIDAZOL, 125MG/5ML, SUSPENSIÓN, FRASCO, 120ML, V.O.;1.92;88,424;10,701;5,280;104,405;200,457.60;
103039201;PROXIMETACAÍNA (PROPARACAÍNA), 0.5% O TETRACAÍNA (AMETHOCAÍNA), 0.5%, GOTAS, SOLUCIÓN, FRASCO, 10-15ML, VÍA OFTÁLMICA.;12.95;1,280;649;236;2,165;28,036.75;
103039801;COLESTIRAMINA RESINA, 4G, POLVO, SOBRE, V.O.;1.55;393,736;133,400;144,600;671,736;1,041,190.80;
103041201;CLOTRIMAZOL, 1-2%, SOLUCIÓN, FRASCO, 20-30ML VÍA TÓPICA;1.11;85,402;27,240;3,289;115,931;128,683.41;
103041301;BECLOMETASONA DIPROPIONATO 50mcg/inhalación, solución en aerosol  libre de CFC, inhalador con 100-200 dosis,  Vía Bucal.;0.98;72,628;1,600;260;74,488;72,998.24;
103042901;CLONAZEPAM, 2.5MG/ML, SOLUCIÓN, FRASCO, 10ML, V.O.;3.03;0;0;0;0;0.00;
103043301;SALBUTAMOL SULFATO, 2MG/5ML, JARABE, FRASCO, 150-180ML, V.O.;1.50;7,702;1,084;0;8,786;13,179.00;
103043401;SALBUTAMOL BASE O SULFATO, 100MCG/INHALACIÓN, SUSPENSIÓN EN AEROSOL LIBRE DE  CFC, INHALADOR CON 200-250 DOSIS, VÍA BUCAL.;0.94;0;47,060;0;47,060;44,236.40;
103047001;PIRANTEL PAMOATO 250MG CON OXANTEL 250MG/5ML, SUSPENSIÓN, FRASCO, 15ML, V.O.;2.65;99,124;906;1,520;101,550;269,107.50;
103047601;TIMOLOL MALEATO O BETAXOLOL CLORHIDRATO O LEVOBUNOLOL CLORHIDRATO,  0.5%, GOTAS, SOLUCIÓN, FRASCO 5 - 15ML,  VÍA OFTÁLMICA.;0.29;69,372;20,076;6,749;96,197;27,897.13;
103047701;BETAMETASONA VALERATO, 0.1%,  LOCIÓN CAPILAR, FRASCO, 20-60ML, VÍA TÓPICA.;9.92;11,770;2,143;20,046;33,959;336,873.28;
103048601;SALES DE REHIDRATACIÓN ORAL,  CON UN CONTENIDO MÍNIMO DE: DEXTROSA (GLUCOSA) ANHIDRA 20G, SODIO CLORURO 3.5G,  SODIO CITRATO DIHIDRATADO 2.9G, POTASIO  CLORURO 1.5G, POLVO, SOBRE, V.O.;0.38;247,368;3,800;640;251,808;95,687.04;
103048701;VALPROICO ÁCIDO 250mg/5ml, jarabe o suspensión, frasco, 120ml, V.O.;1.94;20,972;720;7,564;29,256;56,756.64;
103048901;SALBUTAMOL SULFATO, 0.5%, SOLUCIÓN, FRASCO, 20-30ML, NEBULIZACIÓN.;1.05;20,230;2,040;10,715;32,985;34,634.25;
103049101;LACTULOSA LIQUIDO, 667MG/ML, FRASCO, 450-500ML, V.O.;3.90;0;0;0;0;0.00;
103049301;NAFAZOLINA CLORHIDRATO, 0.1%, GOTAS, SOLUCIÓN, FRASCO, 7-15ML, VÍA OFTÁLMICA.;2.35;400;5,859;40;6,299;14,802.65;
103049901;PREDNISOLONA ACETATO, 1%, GOTAS, SUSPENSION,  FRASCO 5-15ML, OFTALMICA.;6.84;17,784;6,344;190;24,318;166,335.12;
103051001;DESMOPRESINA ACETATO 0.1mg/ml, solución, frasco, 2.5ml, Vía Nasal.;58.56;600;457;560;1,617;94,691.52;
103053701;CARBAMAZEPINA 100mg/5ml, suspensión, frasco, 100ml, V.O.;6.42;14,815;800;654;16,269;104,446.98;
103054701;Ipratropio bromuro, 15-20mcg/inhalación, solución en aerosol, inhalador con 200-250 dosis, vía bucal;1.97;0;0;0;0;0.00;
103054801;DICLOFÉNACO 0.1%, O FLURBIPROFEN 0.03%, O SUPROFEN 1%, GOTAS, SOLUCIÓN, FRASCO, 2.5-10 ML, VÍA OFTÁLMICA. 5ml;0.78;28,233;10,034;2,038;40,305;31,437.90;
103055001;CROMOGLICATO SÓDICO, 4% PESO/VOLUMEN, SOLUCIÓN, FRASCO ATOMIZADOR CON DISPOSITIVO, VÍA NASAL.;1.22;25,130;7,122;1,440;33,692;41,104.24;
103055201;AMOXICILINA BASE O TRIHIDRATADA, 250MG/5ML, POLVO PARA SUSPENSIÓN O JARABE, FRASCO,  60-100ML. V.O.;3.15;582,379;96,856;93,784;773,019;2,435,009.85;
103056801;PREDNISONA O PREDNISOLONA, 1-3MG/ML, JARABE O SOLUCIÓN, 60- 120ML, V.O.;1.48;40;93;0;133;196.84;
103056901;ALBENDAZOL, 40MG/ML, SUSPENSIÓN, FRASCO, V.O.;1.86;34,470;11,180;7,744;53,394;99,312.84;
103057101;IPRATROPIO BROMURO, 250MCG/ML, SOLUCIÓN, FRASCO, 20ML, NEBULIZACIÓN;1.62;28,952;8,158;2,508;39,618;64,181.16;
103057301;LATANOPROST, 50 MCG/ML, GOTAS, SOLUCIÓN, FRASCO, 2.5ML, VÍA OFTÁLMICA.;1.68;123,877;5,525;1,130;130,532;219,293.76;
103057401;DORZOLAMIDA CLORHIDRATO, 2%, GOTAS, SOLUCIÓN, FRASCO, 5-10ML, VÍA OFTÁLMICA.;1.65;35,784;8,856;8,628;53,268;87,892.20;
103057501;LOPINAVIR 80MG CON RITONAVIR 20MG/ML, SOLUCIÓN, FRASCO, V.O.;43.20;0;0;0;0;0.00;
103057801;AMOXICILINA 400MG CON ACIDO CLAVULÁNICO 57MG (CLAVULONATO POTÁSICO), SUSPENSIÓN, FRASCO, V.O.;3.08;21,060;3,725;270;25,055;77,169.40;
103057901;BENCILO BENZOATO, 25%, loción, frasco, 120ml, Vía Tópica;9.60;723;390;90;1,203;11,548.80;
103058001;CALAMINA, 8%, LOCIÓN, FRASCO, 120ML, VÍA TÓPICA.;3.58;7,056;1,774;108;8,938;31,998.04;
103058101;COMPLEJO B, elixir o jarabe, V.O.;3.70;11,969;13,168;16,792;41,929;155,137.30;
103058201;AZELASTINA HIDROCLORURO, 0.05%,  GOTAS, SOLUCIÓN, FRASCO, VÍA  OFTÁLMICA.;3.74;18,012;6,918;20,356;45,286;169,369.64;
103058301;AZITROMICINA, 200MG/5ML,  POLVO PARA SUSPENSIÓN, 15-30ML, FRASCO, V.O.;2.94;96,687;26,303;204;123,194;362,190.36;
103059301;BRIMONIDINA TARTRATO, 0.2%,  GOTAS,  SOLUCIÓN, FRASCO, VÍA OFTÁLMICA;2.94;30,500;690;1,040;32,230;94,756.20;
103059401;CICLOSPORINA 100mg/ml, solución con microemulsión, frasco, V.O.;184.00;0;0;0;0;0.00;
103060201;MOMETASONA FUROATO 200mcg/ inhalación, polvo seco, inhalador, Vía Bucal.;22.50;0;0;0;0;0.00;
103060401;LAMIVUDINA 10mg/ml, solución, frasco, 240-300ml, V.O.;12.20;0;0;0;0;0.00;
103060501;ZIDOVUDINA 10mg/ml, solución, frasco, 240- 300ml, V.O.;20.02;127;0;0;127;2,542.54;
103060601;FENTANILO, 25MCG, PARCHE TRANSDÉRMICO, VÍA TÓPICA.;3.88;5,916;1,608;324;7,848;30,450.24;
103060801;TIOTROPIO BROMURO, 18MCG/INHALACIÓN, POLVO SECO, INHALADOR CON DISPOSITIVO, VÍA BUCAL;2.32;0;0;0;0;0.00;
103061001;SODIO CLORURO, 0.85%-0.9%, GOTAS NASALES EN SOLUCIÓN, FRASCO 50ML, VÍA NASAL.;3.34;0;0;0;0;0.00;
103061101;CALCIPOTRIOL (HIDRATO), 50MCG/G CON BETAMETASONA (DIPROPIONATO), 05MG/G, GEL FRASCO, 30G, VIA TÓPICA.;25.00;0;6,520;0;6,520;163,000.00;
103061201;RIVASTIGMINA, 9MG PARCHE TRANSDÉRMICO, VÍA TÓPICA;1.05;218,610;49,710;6,570;274,890;288,634.50;
103061301;RIVASTIGMINA, 18MG PARCHE TRANSDÉRMICO, VÍA TÓPICA;1.28;792,600;184,590;44,760;1,021,950;1,308,096.00;
103061401;TOBRAMICINA 300mg/5ml, solución para Inhalación y Nebulizar, ampolla.;25.87;3,360;0;0;3,360;86,923.20;
103061701;MOMETASONA, 50MCG/INHALACIÓN, SUSPENSIÓN ACUOSA EN AEROSOL, INHALADOR, VIA NASAL.;4.13;947;198;0;1,145;4,733.43;
103061801;TOBRAMICINA, 3MG/ML (0.3%), SOLUCION,GOTAS, VIA OFTALMICA;7.13;0;3,557;0;3,557;25,361.41;
103061901;TOBRAMICINA,0.3% C/DEXAMETASONA 0.1% SUSPENSIÓN, GOTAS, VIA OFTALMICA;1.80;0;0;0;0;0.00;
103062001;DEXTROSA 37.5g cada 100ml, solución oral, 200ml.;5.92;0;0;0;0;0.00;
103062101;POLIETILENGLICOL 3350, CON ELECTROLITOS (SULFATO DE SODIO ANHIDRO, BICARBONATO DE SODIO, CLORURO DE SODIO, CLORURO DE POTASIO), POLVO PARA SOLUCION, V.O.;5.90;0;0;0;0;0.00;
104006501;CORTICOIDE DE BAJA POTENCIA NO FLUORINADO: DESONIDE, 0.05% o HIDROCORTISONA  0.25 -2.5%,  crema, tubo, 15-30g, Vía Tópica.;0.60;22,236;6,320;2,898;31,454;18,715.13;
104009001;ALUMINIO ACETATO ÁCIDO, 0.050% A 0.060%, CREMA, PH: 4.0 - 4.8, TUBO, 30G VÍA TÓPICA.;1.73;227,784;50,746;10,944;289,474;500,790.02;
104009801;FUSIDATO SÓDICO 2%, ungüento, tubo, 15-20g, Vía Tópica.;2.00;165,780;32,940;63,364;262,084;524,168.00;
104011901;BETAMETASONA VALERATO 0.1%, crema, tubo, 15g, Vía Tópica.;3.00;0;0;0;0;0.00;
104013601;KETOCONAZOL, 1-2%, CREMA, TUBO, 15- 20G, VÍA TÓPICA.;0.45;147,724;79,032;20,128;246,884;111,097.80;
104014101;GENTAMICINA SULFATO, 0.3%, UNGÜENTO, TUBO, 3-5G, VÍA OFTÁLMICA;1.58;39,880;1,196;150;41,226;65,137.08;
104014701;SULFADIAZINA DE PLATA 1%, crema, pote, 100-400g, Vía Tópica.;35.00;0;0;0;0;0.00;
104014801;CORTICOIDE POTENCIA ALTA: AMCINONIDE 0.1% o BETAMETASONA DIPROPIONATO 0.05%  o FLUOCINOLONA ACETÓNIDA 0.2%  o HALCINONIDA 1%  o MOMETASONA FUROATO 0.1%, crema, tubo, 15g, Vía Tópica.;0.99;7,988;424;2,022;10,434;10,329.66;
104014901;CLORANFENICOL 1%, ungüento, tubo 3-5g, Vía Oftálmica.;4.11;4,475;1,120;1,422;7,017;28,839.87;
104015301;BENZOILO PERÓXIDO 5%, gel, tubo, 40-60g, Vía Tópica.;6.63;0;936;0;936;6,205.68;
104016801;ACICLOVIR 3%, ungüento, tubo, 3-7g, Vía Oftálmica.;14.35;0;780;70;850;12,197.50;
104017001;CLOBETASOL PROPIONATO 0.05%, crema, tubo, 25g, Vía Tópica. (Corticoide súper potente).;1.54;20,723;11,830;9,776;42,329;65,186.66;
104017301;MENTOL COMPUESTO 10-20%, ungüento, tubo, Vía Tópica.;1.25;199,248;10,368;36,000;245,616;307,020.00;
104018501;SULFADIAZINA DE PLATA 1%, CREMA, TUBO O POTE, 30-60G VÍA TÓPICA.;2.82;2,367;200;650;3,217;9,055.86;
105001401;ESTRÓGENO CONJUGADOS NATURALES DE ORIGEN EQUINO, 0.625MG/G, CREMA TUBO CON APLICADOR, 40-45 G  V. VAGINAL.;4.69;36,724;15,052;6,258;58,034;272,179.46;
105001801;METRONIDAZOL 500mg, óvulo, Vía Vaginal.;0.28;373,540;82,510;117,520;573,570;160,599.60;
105002501;"ANTIHEMORROIDAL CON CORTICOIDE Y ANESTÉSICO LOCAL: HIDROCORTISONA o BETAMETASONA o PREDNISOLONA con LIDOCAÍNA o BENZOCAÍNA; O DOBESILATO CALCIO MONOHIDRATO 4G /LIDOCAINA 2G / DEXAMETASONA ACETATO 0.025G, crema, jalea, pomada o ungüento rectal, con tubo aplicador, Vía Rectal.";7.20;48,150;400;1,170;49,720;357,984.00;
105002901;LIGNOCAÍNA (LIDOCAÍNA) 2%, jalea, tubo,  20-30g, Vía Tópica.;14.95;0;0;559;559;8,357.05;
105004901;PARACETAMOL (ACETAMINOFEN), 250-300MG. SUPOSITORIOS PEDIÁTRICOS, VIA RECTAL.;0.15;0;0;0;0;0.00;
105006201;METACRESOLSULFÓNICO ÁCIDO con FORMALDEHÍDO (POLICRESULENO) 18mg/g, gel,  tubo con aplicador, 50g, Vía Vaginal.;14.50;0;0;0;0;0.00;
105007201;DICLOFENACO SÓDICO 50mg,  supositorio, Vía Rectal.;0.49;8,000;1,306,800;0;1,314,800;644,252.00;
105007701;IMIDAZOLES: CLOTRIMAZOL, ISOCONAZOL, MICONAZOL, 1-2%, CREMA O JALEA, TUBO CON APLICADOR, 35-40G, VÍA VAGINAL;0.66;271,019;33,426;29,132;333,577;220,160.82;
105007801;DINOPROSTONE, 2MG/3G, GEL, TUBO CON APLICADOR PRECARGADO O JERINGA, VÍA VAGINAL.;37.80;14,424;686;656;15,766;595,954.80;
105008101;LEVONORGESTREL 52mg (20mcg/24horas), sistema Intrauterino.;155.00;9,031;410;152;9,593;1,486,915.00;
105008201;LIDOCAINA 700MG, PARCHE, VIA TOPICA.;5.75;0;0;0;0;0.00;
1020808P1;RITUXIMAB 100mg, solución, I.V.;69.00;0;0;0;0;0.00;
1020817P1;RITUXIMAB 500mg, solución, I.V.;221.00;0;229;0;229;50,609.00;
1020923P1;INFLIXIMAB 100mg, polvo liofilizado, I.V.;144.30;0;9;0;9;1,298.70;
;TOTAL GENERAL;;282,879,349;50,356,319;60,609,905;393,845,573;129,593,217;
;****;;;;;;;
;;;;;;;;
;;;;;;;;
