101000801;GLIBENCLAMIDA, 5MG, TABLETA, V.O.;0.03;16,434,000;3,420,000;119,000;19,973,000;599,190.00
101001101;PARACETAMOL (ACETAMINOFÉN), 500MG, TABLETA, V.O.;0.03;19,951,000;7,099,000;9,999,000;37,049,000;1,111,470.00
101001801;FINASTERIDA, 5 MG, TABLETA, V.O.;0.05;1,238,220;590,820;816,450;2,645,490;124,338.03
101002001;HIDRALAZINA CLORHIDRATO 50mg, tableta, V.O.;0.12;41,320;580;4,720;46,620;5,594.40
101002101;BLOQUEADORES DE LOS RECEPTORES ALFA 1 ADRENÉRGICOS: TERAZOSINA, 2MG O DOXAZOSINA, 2MG, CÁPSULA O TABLETA, V.O.;0.04;0;0;0;0;0
101002301;HIDROXICINA, 25MG, CÁPSULA O TABLETA, V.O.;0.1;1,269,700;247,900;1,373,380;2,890,980;286,207.02
101002401;ALFACALCIDOL, 1MCG, CÁPSULA, V.O.;0.65;3,630;0;0;3,630;2,359.50
101002601;ESCOPOLAMINA BUTILBROMURO (HIOSCINA), 10MG, TABLETA, V.O.;0.05;1,535,000;1,411,300;1,694,700;4,641,000;218,127.00
101003101;DIFENHIDRAMINA, 25MG, CÁPSULA, V.O.;0.07;1,589,000;174,000;12,000;1,775,000;124,250.00
101003801;SIMVASTATINA, 10MG, CÁPSULA O TABLETA, V.O.;0.02;8,668,516;10,757,096;6,501,460;25,927,072;492,614.37
101003901;FORMOTEROL FUMARATO (EFORMOTEROL), 9-12MCG/INHALACIÓN, POLVO SECO, INHALADOR CON APLICADOR CON 30-60 DOSIS, VÍA BUCAL.;5.37;36,810;230;148;37,188;199,699.56
101004401;ZIDOVUDINA 100mg, cápsula, V.O.;0.66;0;0;0;0;0
101004501;CALCIO CARBONATO, 500 MG-1,000MG DE CALCIO ELEMENTAL, TABLETA, V.O.;0.03;1,951,100;647,800;1,104,300;3,703,200;92,580.00
101005101;MODULADOR HEMORREOLÓGICO TIPO PENTOXIFILINA, 400MG, TABLETA DE LIBERACIÓN MODIFICADA, V.O.;0.12;0;0;0;0;0
101007801;ACETAZOLAMIDA, 250MG, TABLETA, V.O.;0.13;0;0;0;0;0
101008501;DIGOXINA 0.25mg, tableta, V.O.;0.27;218,800;28,550;31,600;278,950;75,316.50
101008601;FENITOÍNA SÓDICA 100mg, cápsula o tableta, de liberación modificada, V.O.;0.07;222,800;584,400;428,200;1,235,400;88,948.80
101008801;CLORFENIRAMINA  MALEATO,  4MG, TABLETA, V.O.;0.05;0;0;0;0;0
101009501;DIMENHIDRINATO, 50MG, TABLETA, V.O.;0.01;1,927,950;708,900;0;2,636,850;36,915.90
101010101;CIPROFLOXACINA, 500MG, CÁPSULA O TABLETA, V.O.;0.06;1,051,600;738,800;908,300;2,698,700;156,524.60
101010601;ISOSORBIDE DINITRATO, 5MG, TABLETA, VÍA SUBLINGUAL;0.39;15,500;8,400;0;23,900;9,321.00
101010801;ISOSORBIDE DINITRATO, 10MG, TABLETA, V.O.;0.03;537,900;23,880;9,480;571,260;17,709.06
101011401;ESTRÓGENOS CONJUGADOS NATURALES DE ORIGEN EQUINO, 0.625-1MG, TABLETA, V.O.;0.1;0;0;0;0;0
101012201;FENOBARBITAL 32mg, tableta, V.O.;0.3;282,500;19,000;8,000;309,500;92,850.00
101012301;FENOBARBITAL 64mg, tableta, V.O.;0.54;3,799,608;580,000;319,000;4,698,608;2,537,248.32
101012901;METRONIDAZOL, 500MG, TABLETA RANURADA, V.O.;0.08;600;12,000;807,360;819,960;63,136.92
101013101;FÓLICO ÁCIDO, 5MG, TABLETA, V.O.;0.02;12,353,420;766,360;1,119,580;14,239,360;327,505.28
101013701;NITROFURANTOINA 100MG CÁPSULA O TABLETA, V.O.;0.1;1,745,000;119,000;208,000;2,072,000;207,200.00
101015901;AZATIOPRINA, 50MG, TABLETA, V.O.;0.59;74,000;22,100;78,400;174,500;102,955.00
101016301;ATENOLOL, 100MG, TABLETA RANURADA, V.O.;0.05;0;0;0;0;0
101018301;PIRIDOSTIGMINA BROMURO, 60MG, TABLETA, V.O.;0.36;102,960;5,700;45,100;153,760;55,353.60
101018401;METILDOPA, 250MG, TABLETA, V.O.;0.28;342,900;174,240;90,450;607,590;170,125.20
101018501;MELFALANO 2mg, tableta, V.O.;0.78;0;0;0;0;0
101022301;METOTREXATE, 2.5MG, TABLETA, V.O.;0.15;121,000;30,700;135,300;287,000;43,050.00
101023201;HIDROXICLOROQUINA SULFATO, 400MG, TABLETA, V.O.;0.23;588,870;97,320;53,670;739,860;170,167.80
101024201;PREDNISONA O PREDNISOLONA, 5MG, TABLETA, V.O.;0.03;2,645,200;1,028,300;1,372,800;5,046,300;126,157.50
101024501;TAMOXIFENO CITRATO, 20MG, TABLETA, V.O.;0.17;377,670;4,410;1,020;383,100;65,127.00
101027201;METILFENIDATO, 10MG, TABLETA, V.O.;0.11;149,820;39,630;6,150;195,600;21,516.00
101027701;CARBAMAZEPINA 200mg, tableta, V.O.;0.05;3,296,500;88,000;155,000;3,539,500;159,277.50
101028501;LEVOMEPROMAZINA, 25MG, TABLETA, V.O.;0.51;161,686;32,000;21,000;214,686;109,489.86
101030201;TIAMAZOL (METIMAZOL)  5MG.TABLETA, V.O.;0.25;484,800;0;85,800;570,600;142,650.00
101030701;HIDROCLOROTIAZIDA 25MG CON TRIAMTERENO 50MG, TABLETA RANURADA, V.O.;0.13;0;0;0;0;0
101031601;IMIPRAMINA 10 MG CAPSULA O TABLETA V.O.;0.09;0;0;0;0;0
101032001;FLUOXETINA 20mg, cápsula o tableta, V.O.;0.08;298,648;4,620;260,148;563,416;45,073.28
101032901;AMITRIPTILINA, 25MG, CÁPSULA O TABLETA, V.O.;0.03;1,980;0;581,430;583,410;17,502.30
101034201;TIAMINA (VITAMINA B1) 100MG, TABLETA, V.O.;0.01;298,000;201,000;30,000;529,000;7,141.50
101034401;PIRIDOXINA (VITAMINA B6), 50MG, TABLETA, V.O.;0.04;490,080;0;0;490,080;19,603.20
101034801;ASCÓRBICO ÁCIDO (VITAMINA C), 500MG, TABLETA RECUBIERTO (PELÍCULA), MASTICABLE O EFERVESCENTE, V.O.;0.05;9,736,500;1,334,800;697,200;11,768,500;529,582.50
101034901;LITIO CARBONATO 300mg, cápsula o tableta, V.O.;0.07;0;0;0;0;0
101035701;BIPERIDENO CLORHIDRATO, 2MG, TABLETA, V.O.;0.04;3,413,900;235,000;182,000;3,830,900;137,912.40
101036301;HIERRO (SAL FERROSA), 50-100MG DE HIERRO ELEMENTAL, TABLETA,  V.O.;0.25;1,947,300;137,000;699,000;2,783,300;695,825.00
101037701;ESPIRONOLACTONA, 25MG, TABLETA, V.O.;0.11;806,070;155,760;453,030;1,414,860;155,634.60
101037801;"ANOVULATORIO ORAL, ESTRÓGENOS: ETINILESTRADIOL,  0.020-0.030MG; PROGESTAGENOS: LEVONORGESTREL, 0.15MG. O GESTODENO, 0.075MG, TABLETA, V.O.";0.06;755,895;238,035;108,927;1,102,857;66,171.42
101037901;TRAMADOL CLORHIDRATO, 50MG, CÁPSULA, V.O.;0.03;3,897,800;653,600;2,520,800;7,072,200;190,949.40
101038201;ACETIL SALICÍLICO ÁCIDO, 75-100MG, TABLETA, V.O.;0.02;26,766,200;439,600;426,300;27,632,100;442,113.60
101038801;TRIMETROPIN 160MG CON SULFAMETOXAZOL 800MG, TABLETA RANURADA, V.O.;0.07;65,250;315,750;420,200;801,200;52,078.00
101042601;CICLOSPORINA 25mg, cápsula con microemulsión, V.O.;0.97;223,300;11,950;11,300;246,550;239,153.50
101042701;CICLOSPORINA 100mg, cápsula con microemulsión, V.O.;3.88;273,500;19,500;25,350;318,350;1,235,198.00
101043001;MERCAPTOPURINA  50MG.TABLETA, V.O.;1.64;10,000;150;0;10,150;16,646.00
101043501;DIAZEPAM, 5MG, TABLETA, V.O.;0.15;275,000;0;0;275,000;41,250.00
101044101;MEDROXIPROGESTERONA,  5mg, tableta, V.O.;0.5;77,580;0;2,000;79,580;39,790.00
101048601;MULTIVITAMINAS Y MINERALES, CÁPSULA O TABLETA, V.O.;0.07;1,300,000;488,000;65,000;1,853,000;129,710.00
101051101;FUROSEMIDA, 40MG, TABLETA, V.O.;0.04;9,030,700;1,725,900;443,000;11,199,600;414,385.20
101052301;AMITRIPTILINA 10mg, cápsula o tableta, V.O.;0.3;0;0;0;0;0
101054001;PROPRANOLOL CLORHIDRATO, 40MG, TABLETA, V.O.;0.1;680,900;542,700;274,500;1,498,100;148,311.90
101057701;COMPLEJO B, TABLETA, V.O.;0.05;8,366,500;257,000;798,500;9,422,000;423,990.00
101058301;WARFARINA SÓDICA 5mg, tableta, V.O.;0.5;250;443,730;362,610;806,590;403,295.00
101059201;SULFASALAZINA, 500 MG,  TABLETA, V.O.;0.07;1,522,600;11,500;75,500;1,609,600;107,843.20
101059401;OMEPRAZOL, 20mg, CÁPSULA CON MICROESFERAS GASTRORRESISTENTES, V.O.;0.05;29,695,080;4,456,900;3,486,700;37,638,680;1,769,017.96
101059601;ANTIHISTAMÍNICO CON DESCONGESTIONANTE NASAL, ACCIÓN CORTA: ANTIHISTAMÍNICO: BROMFENIRAMINA, 4MG, O CARBINOXAMINA, 4MG, O CLORFENIRAMINA, 4MG, O TRIPROLIDINA, 2.5MG CON DESCONGESTIONANTE NASAL: FENILEFRINA, 20MG, O PSEUDOEFEDRINA, 60MG, CÁPSULA O TABLETA, V.O.;0.13;0;0;0;0;0
101059901;LORATADINA, 10MG, CÁPSULA O TABLETA, V.O.;0.01;11,562,200;314,500;297,400;12,174,100;170,437.40
101061101;AMOXICILINA BASE O TRIHIDRATADA, 500MG, CÁPSULA O TABLETA, V.O.;0.05;6,448,900;2,130,600;1,640,000;10,219,500;510,975.00
101061301;CEFALEXINA, 500MG, CÁPSULA O TABLETA, V.O.;0.12;6,000;132,500;157,000;295,500;34,278.00
101061701;DICLOXACILINA, 500MG, CÁPSULA, V.O.;0.11;14,400;0;0;14,400;1,598.40
101062501;PRAZOSINA 2mg, tableta ranurada, V.O.;0.4;0;0;0;0;0
101063301;LEVODOPA CON CARBIDOPA, 250MG/25MG O LEVODOPA CON BENSERAZIDE, 200MG/50MG, TABLETA, V.O.;0.11;0;0;0;0;0
101064601;ALOPURINOL 300mg, tableta, V.O.;0.05;1,791,440;1,047,000;835,000;3,673,440;165,304.80
101065301;MEBENDAZOL 100mg, tableta, V.O.;0.19;283,180;0;1,000;284,180;53,994.20
101065401;DICLOFENACO SÓDICO, 50mg, cápsula o tableta, de liberación convencional o con capa entérica, V.O.;0.02;2,607,000;0;0;2,607,000;41,712.00
101066201;CLOMIFENO CITRATO 50mg, tableta, V.O.;0.5;4,350;750;0;5,100;2,550.00
101066401;CLONAZEPAM 2mg, tableta, V.O.;0.09;0;0;0;0;0
101068201;"IBUPROFENO 400mg, cápsula o tableta; V.O.";0.04;16,483,280;411,360;1,365,480;18,260,120;657,364.32
101068401;ESPIRAMICINA 1.0-1.5 millones UI, cápsula o tableta, V.O.;0.36;0;0;0;0;0
101068701;LOPERAMIDA CLORHIDRATO, 2mg, cápsula o tableta, V.O.;0.15;275,000;12,000;2,000;289,000;42,483.00
101070101;SULPIRIDA 50mg, cápsula o tableta, V.O.;0.14;0;0;0;0;0
101070201;SULPIRIDA 200mg, cápsula o tableta, V.O.;0.11;0;0;0;0;0
101070401;HALOPERIDOL, 5MG, TABLETA, V.O.;0.39;163,000;11,000;28,000;202,000;78,780.00
101070501;CLINDAMICINA CLORHIDRATO 300mg, cápsula o tableta, V.O.;0.23;4,623,000;571,600;402,200;5,596,800;1,292,860.80
101070901;AMANTADINA 100mg, tableta, V.O.;0.13;0;0;0;0;0
101071301;VERAPAMILO CLORHIDRATO 120mg, tableta de acción prologada, V.O.;0.11;1,755,220;0;74,000;1,829,220;192,068.10
101071701;HIDROXICARBAMIDA (HIDROXIUREA) 500mg, cápsula, V.O.;0.29;1,142,900;36,800;64,000;1,243,700;360,673.00
101072701;GLICLAZIDA, 80mg, tableta, V.O.;0.05;1,386,100;10,300;0;1,396,400;65,630.80
101073401;PREDNISONA, 50MG, TABLETA, V.O.;0.53;0;0;0;0;0
101073501;VERAPAMILO CLORHIDRATO 80mg, tableta, V.O.;0.11;0;0;0;0;0
101073801;VALPROATO DE MAGNESIO, DIVALPROATO SÓDICO, 500mg, cápsula o tableta, de liberación modificada con capa entérica, V.O.;0.11;315,180;0;55,900;371,080;40,818.80
101074101;DANAZOL 200mg, cápsula o tableta, V.O.;0.76;4,950;0;0;4,950;3,762.00
101074201;CAPTOPRIL, 25MG, TABLETA, V.O.;0.18;634,920;58,140;37,200;730,260;127,795.50
101074301;COLCHICINA 0.5mg-0.6mg,  tableta, V.O.;0.24;148,920;23,200;6,480;178,600;42,864.00
101074801;METFORMINA CLORHIDRATO 850mg, tableta ranurada, V.O.;0.02;29,704,500;6,122,700;6,994,200;42,821,400;727,963.80
101075001;SUCRALFATO 1g, tableta o gel oral, V.O.;0.71;0;0;0;0;0
101075501;AMIODARONA CLORHIDRATO 200mg, tableta, V.O.;0.22;0;0;0;0;0
101077501;PARACETAMOL (ACETAMINOFÉN) 300-325mg con CODEÍNA FOSFATO 30mg, tableta, V.O.;0.15;63,500;46,500;53,500;163,500;24,525.00
101079701;LEVOTIROXINA SAL SÓDICA 0.1mg, tableta, V.O.;0.01;11,330,000;1,252,000;1,944,000;14,526,000;203,364.00
101079801;OXIBUTININA 5mg, tableta, V.O.;0.23;310,700;349,600;313,900;974,200;224,066.00
101079901;LAMOTRIGINA 100mg, tableta o tableta dispersable masticable o tableta dispersable, V.O.;0.06;0;0;0;0;0
101080001;CLOZAPINA 100mg, tableta ranurada, V.O.;0.38;0;0;0;0;0
101082801;ZOLPIDEM 10mg, tableta ranurada, V.O.;0.04;175,590;21,000;57,180;253,770;10,150.80
101082901;TRIMETAZIDINA 20mg, tableta, V.O.;0.06;987,400;63,600;56,400;1,107,400;63,121.80
101083201;CLARITROMICINA 500mg, cápsula o tableta, V.O.;0.33;3,270;0;23,860;27,130;9,007.16
101083401;AZITROMICINA 500mg, cápsula o tableta, V.O.;0.19;62,495;25,200;22,398;110,093;20,917.67
101083601;LEVOFLOXACINA 500mg, tableta, V.O.;0.62;316,000;14,000;43,000;373,000;232,006.00
101083801;LEFLUNOMIDA 20mg, tableta, V.O.;0.14;408,780;125,760;74,400;608,940;85,251.60
101084001;MORFINA SULFATO, 15MG, CAPSULA O TABLETA, V.O.;4.5;47,500;68,000;71,500;187,000;841,500.00
101085001;MONTELUKAST 10mg, tableta, V.O.;0.04;14,087,000;287,000;241,400;14,615,400;628,462.20
101085101;MONTELUKAST 5mg, tableta masticable, V.O.;0.03;970,500;297,500;176,700;1,444,700;49,119.80
101085201;ACICLOVIR 400mg, cápsula o tableta, V.O.;0.05;844,400;271,900;280,900;1,397,200;74,051.60
101085801;DOXICICLINA 100mg, base clorhidrato o hiclato, cápsula o tableta, V.O.;0.21;0;0;0;0;0
101086001;CLOPIDOGREL DISULFATO 75mg, tableta, V.O.;0.04;5,707,200;842,200;3,458,300;10,007,700;370,284.90
101086201;FENOFIBRATO 200-250mg, cápsula de liberación prolongada, V.O.;0.17;2,352,480;63,480;231,180;2,647,140;450,013.80
101086401;CARVEDILOL 6.25mg, tableta, V.O.;0.02;0;0;0;0;0
101086601;AMLODIPINA 5mg, tableta, V.O.;0.01;18,813,450;3,885,360;2,303,850;25,002,660;150,015.96
101087001;DILTIAZEM 180mg, cápsula o tableta, de liberación modificada, V.O.;0.15;426,000;97,300;61,200;584,500;86,506.00
101087201;DILTIAZEM 60mg, cápsula o tableta, V.O.;0.16;311,500;207,720;269,370;788,590;126,174.40
101087401;MICOFENOLATO MOFETILO 250mg, cápsula, V.O.;0.95;1,434,980;179,300;393,500;2,007,780;1,907,391.00
101090101;LAMIVUDINA 150mg, cápsula o tableta, V.O.;0.15;16,200;900;600;17,700;2,655.00
101090501;ITRACONAZOL, 100MG, CÁPSULA O TABLETA, V.O.;1.17;59,775;2,670;4,500;66,945;78,325.65
101091001;INDAPAMIDA 1.5mg, tableta de acción prolongada, V.O.;0.04;11,329,920;2,226,000;1,381,500;14,937,420;567,621.96
101091101;DEXAMETASONA 4mg, tableta, V.O.;0.16;0;0;0;0;0
101091401;OLANZAPINA 10mg, tableta o tableta dispersable, V.O.;0.09;487,770;19,620;31,420;538,810;48,492.90
101091601;IMATINIB MESILATO 100mg, cápsula o tableta, V.O.;2.73;15,240;1,560;0;16,800;45,864.00
101091901;CAPECITABINA, 500MG, TABLETA O CÁPSULA, V.O.;0.02;28,600;0;600;29,200;694.96
101092001;LETROZOL 2.5mg, tableta, V.O.;0.67;39,300;11,000;1,320;51,620;34,585.40
101092101;LISINOPRIL,  20mg, tableta, V.O.;0.06;288,400;0;7,000;295,400;17,724.00
101092301;IMATINIB MESILATO 400mg, cápsula o tableta, V.O.;1.5;48,420;3,660;21,000;73,080;109,620.00
101092801;AMOXICILINA 500mg con ACIDO CLAVULÁNICO 125mg, tableta, V.O.;0.25;0;0;0;0;0
101092901;BICALUTAMIDA, 50MG, TABLETA, V.O.;0.12;339,350;52,980;30,300;422,630;50,715.60
101093001;DEFLAZACORT 6mg, tableta, V.O.;0.29;32,990;21,800;11,590;66,380;19,250.20
101093301;GABAPENTINA 300mg, cápsula, V.O.;0.04;47,400;0;0;47,400;2,085.60
101093401;IRBESARTÁN 300mg, tableta, V.O.;0.07;541,440;0;27,780;569,220;36,999.30
101093501;LINEZOLID 600mg, tableta, V.O.;7.12;67,050;9,790;9,870;86,710;617,375.20
101093601;MINOXIDIL 10mg, tableta, V.O.;0.35;370,300;700;21,900;392,900;137,122.10
101093801;PROPAFENONA  150mg, tableta, V.O.;0.35;161,070;5,580;3,420;170,070;59,524.50
101094001;SIROLIMUS 1mg, tableta, V.O.;9.41;31,800;400;2,000;34,200;321,822.00
101094101;TACROLIMUS 1mg, cápsula, V.O.;3.76;556,500;116,100;139,850;812,450;3,054,812.00
101094201;TALIDOMIDA, 100mg, tableta, V.O.;1.09;76,300;1,400;600;78,300;85,347.00
101094301;TOPIRAMATO, 100MG, TABLETA, V.O.;0.09;127,800;54,000;185,500;367,300;31,587.80
101094401;TRETINOÍNA (ACIDO RETINOICO) 10mg, cápsula, V.O.;3.93;26,000;0;0;26,000;102,126.70
101094501;VALGANCICLOVIR  450mg, tableta, V.O.;7.77;1,680;600;540;2,820;21,911.40
101094701;CINACALCET HIDROCLORURO, 30mg, tableta, V.O.;1.14;0;27,804;45,780;73,584;83,885.76
101095601;DEFERASIROX 125mg, tableta dispersable, V.O.;9.95;5,880;0;0;5,880;58,511.88
101095701;DEFERASIROX 250mg, tableta dispersable, V.O.;12.08;1,820;0;0;1,820;21,985.60
101095801;DEFERASIROX 500mg, tableta dispersable, V.O.;6.29;930;0;0;930;5,846.91
101096001;NILOTINIB, 200mg, cápsula, V.O.;42;320,320;54,768;6,720;381,808;16,035,936.00
101096101;DASATINIB 70mg, tableta, V.O.;13.5;0;0;0;0;0
101096201;TENOFOVIR 300mg/EMTRICITABINA 200mg/EFAVIRENZ 600mg, tableta, V.O.;0.26;0;0;0;0;0
101096301;PERINDOPRIL, 5MG, TABLETA, V.O.;0.48;6,216,000;30,600;2,593,650;8,840,250;4,243,320.00
101096501;QUETIAPINA FUMARATO, 200mg, tableta, V.O.;0.06;0;0;0;0;0
101096601;IVERMECTINA 6mg, tableta, V.O.;0.2;2,448;0;48;2,496;494.21
101096801;TENOFOVIR DISOPROXIL FUMARATO 300mg, equivalente a 245mg de TENOFOVIR DISOPROXILO , tableta, V.O.;0.47;0;0;0;0;0
101096901;RALTEGRAVIR 400mg, tableta, V.O.;2.99;643,680;4,500;600;648,780;1,939,852.20
101097001;EMTRICITABINA 200mg/ TENOFOVIR 300mg, tableta, V.O.;0.25;26,850;0;8,550;35,400;8,850.00
101097101;SEVELAMER CARBONATO 800mg, tableta, V.O.;0.3;230,040;184,680;132,660;547,380;163,666.62
101097201;OXICODONA CLORHIDRATO, 10mg, tableta de liberación prolongada, V.O.;1.7;1,500;0;0;1,500;2,550.00
101097301;OXICODONA CLORHIDRATO, 20MG TABLETA DE LIBERACION PROLONGADA, V.O.;2.89;0;0;0;0;0
101097401;VORICONAZOL 200mg, tableta, V.O.;5.35;13,320;60;120;13,500;72,225.00
101097501;ABACAVIR 300mg, tableta, V.O.;0.56;43,500;18,900;780;63,180;35,380.80
101097601;TIZANIDINA CLORHIDRATO 4mg, tableta, V.O.;0.83;57,880;2,380;21,000;81,260;67,445.80
101097701;PANCREATINA, 150mg, equivalente a: Lipasa 10,000U, Amilasa 8,000U, Proteasa 600U, cápsula, V.O.;0.79;343,220;27,680;2,360;373,260;294,875.40
101097801;PRAMIPEXOL, 0.25 MG, TABLETA RANURADA, V.O.;0.55;0;0;0;0;0
101097901;PRAMIPEXOL, 1.0  MG, TABLETA RANURADA, V.O.;0.65;0;0;0;0;0
101098001;ACIDO ALENDRONICO (ALENDRONATO SODICO TRIHIDRATADO) 70mg, tableta, V.O.;0.51;0;0;0;0;0
101098901;FINGOLIMOD 0.5mg, cápsula, V.O.;48.67;10,470;0;330;10,800;525,636.00
101099501;EVEROLIMUS 0.5mg, tableta, V.O.;5.7;61,560;2,040;0;63,600;362,520.00
101099601;CABERGOLINA, 0.5MG, TABLETA V.O.;1.9;0;0;0;0;0
101099901;ABIRATERONA 250mg, tableta, V.O.;2.49;143,760;2,640;64,320;210,720;524,692.80
101100001;LENALIDOMIDA 10mg, tableta o cápsula, V.O.;51.54;5,040;336;168;5,544;285,737.76
101100101;LENALIDOMIDA 25mg, tableta o cápsula, V.O.;53.54;0;168;1,323;1,491;79,828.14
101100201;DAPSONA 100mg, tableta, V.O.;0.97;0;0;0;0;0
101100401;DARUNAVIR ETANOLATO 600mg, tableta, V.O.;1.09;26,400;0;18,000;44,400;48,396.00
101100901;DULOXETINA, 60mg, capsula o tableta, V.O.;1.53;0;0;141,204;141,204;216,324.53
101101001;ESCITALOPRAM 10mg, tableta, V.O;0.08;0;0;0;0;0
101101101;NILOTINIB, 150mg, cápsula, V.O.;42;6,832;0;0;6,832;286,944.00
101101201;PARICALCITOL 2mcg capsula, V.O.;11.22;4,200;300;0;4,500;50,490.00
101101301;ZOLPIDEM, 6.25mg, tableta de liberacion prolongada, V.O.;1.94;389,447;17,922;11,807;419,176;813,201.44
101101401;ZOLPIDEM, 12.5MG, TABLETA DE LIBERACIÓN PROLONGADA, V.O.;1.96;4,032;0;0;4,032;7,902.72
101104301;BICTEGRAVIR 50mg/EMTRICITABINA 200mg/TENOFOVIR 25mg Cápsula o Comprimido, V.O.;2.97;690,000;33,030;157,350;880,380;2,614,728.60
101104601;FLUCONAZOL 150-200mg, tableta o cápsula, V.O.;0.21;0;0;0;0;0
102000702;METOCLOPRAMIDA 5mg/ml, solución, I.M., I.V.;0.11;376,076;10,360;33,366;419,802;46,178.22
102000901;AGUA ESTERIL, para inyectable, vial o bolsa multiuso con sello de seguridad, 50-100ml.;1.27;109,650;0;30,780;140,430;178,346.10
102001302;FLUFENAZINA DECANOATO 25mg/ml, solución, I.M.;6.44;6,490;2,290;1,880;10,660;68,650.40
102001901;INMUNOGLOBULINA ANTID HUMANA 125150mcg/ml o su equivalente en UI, solución, vial I.M.;50;614;60;0;674;33,700.00
102002101;DIFENHIDRAMINA 10mg/ml, solución, I.M., I.V.;0.9;109,237;20,750;8,810;138,797;124,917.30
102002701;ESCOPOLAMINA BUTILBROMURO (HIOSCINA) 20mg/ml, solución, I.M., I.V.;0.33;0;0;0;0;0
102003001;CALCIO GLUCONATO 10%, solución, I.V.;0.75;182,818;9,530;33,376;225,724;169,293.00
102003801;CLORFENIRAMINA MALEATO 10mg/ml,  solución, I.M., I.V.;0.35;9,395;18,255;25,770;53,420;18,643.58
102004401;DEXAMETASONA FOSFATO SÓDICO (LIBRE DE ALCOHOL BENCÍLICO) 4mg/ml, solución, I.M., I.V.;0.3;663,922;21,430;171,200;856,552;257,822.15
102004601;DEXTROSA EN AGUA, al 5% en SOLUCIÓN SALINA al 0.9%, solución, envase plástico (bolsa o frasco) con equipo adaptable desechable para Infusión Intravenosa, 500ml.;0.57;720;8,809;10,397;19,926;11,357.82
102004701;DEXTROSA EN AGUA, al 5% en SOLUCIÓN SALINA al 0.9%, solución, envase plástico (bolsa o frasco), con equipo adaptable desechable para Infusión Intravenosa, 1,000ml.;0.69;48,432;19,232;36,650;104,314;71,976.66
102004801;DEXTROSA EN AGUA, al 5%, solución, envase plástico (bolsa o frasco), con equipo adaptable desechable para Infusión Intravenosa, 500ml.;0.67;27,135;3,920;35,768;66,823;44,771.41
102004901;DEXTROSA EN AGUA, al 5%, solución, envase plástico (bolsa o frasco), con equipo adaptable desechable para Infusión intravenosa, 1,000ml.;1.23;225,408;19,178;4,596;249,182;306,493.86
102005001;DEXTROSA EN AGUA, al 10%, solución, envase plástico (bolsa o frasco), con equipo adaptable desechable para Infusión Intravenosa, 500 ml. I.V.;0.64;59,960;1,861;3,136;64,957;41,572.48
102005302;DEXTROSA al 50%, solución, vial o frasco o bolsa, 50-100ml, I.V.;0.57;128,310;14,824;112,287;255,421;145,589.97
102005901;EFEDRINA SULFATO 25-60mg/ml, solución,  I.V.;5.35;0;0;0;0;0
102007401;NALOXONA 0.4mg/ml, solución, I.M., I.V., S.C.;1.78;0;622;0;622;1,107.16
102008501;BLEOMICINA SULFATO 15U,  polvo liofilizado, S.C., I.M., I.V.;59.5;2,332;250;0;2,582;153,629.00
102008901;DOXORUBICINA CLORHIDRATO 10mg-50mg, polvo liofilizado o solución, I.V.;5.22;0;0;0;0;0
102009401;RINGER LACTATO, solución, envase plástico (bolsa o frasco), con equipo adaptable desechable para Infusión Intravenosa 1,000ml.;0.71;0;0;0;0;0
102010701;RINGER LACTATO, solución, envase plástico (bolsa o frasco), con equipo adaptable desechable para Infusión Intravenosa, 500ml.;0.59;110;0;0;110;64.9
102011701;MAGNESIO SULFATO 10%, solución, I.V.;0.21;975;9,280;34,780;45,035;9,457.35
102011801;PETIDINA (MEPERIDINA) 50mg/ml, solución, I.M., I.V.;2.22;0;0;1,500;1,500;3,330.00
102013401;NOREPINEFRINA BITARTRATO (sal), equivalente a NOREPINEFRINA (base) 1mg/ml, solución, I.V.;0.79;8;3,025;0;3,033;2,396.07
102013601;BENCILPENICILINA BENZATÍNICA 2,400,000UI, polvo liofilizado, I.M.;0.94;0;0;11,512;11,512;10,821.28
102013701;ANTAGONISTAS DE RECEPTORES 5-HT3: ONDANSETRÓN CLORHIDRATO 2mg/ml, solución, I.V., o TROPISETRÓN 1mg/ml, solución,I.V., o GRANISETRÓN 1mg/ml, solución, I.V.;0.51;1,290;0;0;1,290;656.61
102013801;OLIGOELEMENTOS o ELEMENTOS TRAZAS PARA PEDIATRÍA CON ZINC, COBRE, MANGANESO, solución, I.V.;2.6;545;0;0;545;1,417.00
102013901;ATRACURIO BESILATO 10mg/ml, solución, I.V.;1;22,956;5,690;4,335;32,981;32,981.00
102014001;BENCILPENICILINA SÓDICA 1,000,000UI, polvo liofilizado, I.V.;0.58;14,655;950;57,490;73,095;42,395.10
102014101;BENCILPENICILINA PROCAÍNICA 600,000 – 800,000UI, con o sin BENCILPENICILINA cristalina SÓDICA o POTÁSICA, polvo liofilizado, I.M.;0.3;350,100;45,250;34,200;429,550;128,865.00
102014501;VASOPRESINA ACUOSA 10U/0.5ml, solución, S.C., I.M., I.V.;4;830;0;0;830;3,320.00
102014901;POTASIO CLORURO 2mEq/ml, solución, I.V.;0.44;304,125;17,735;13,450;335,310;147,536.40
102016401;NEOSTIGMINA METILSULFATO 0.5mg/ml, solución, I.M., I.V., S.C.;1.31;0;0;0;0;0
102017101;"METILPREDNISOLONA ACETATO o TRIAMCINOLONA ACETONIDO o DIACETATO: 40mg/ml, solución, Intramuscular; Intraarticular, Tejidos Blandos e Intralesional.";2.26;0;0;0;0;0
102017401;SODIO CLORURO, al 0.9%, solución, envase plástico (bolsa o frasco), con equipo adaptable desechable para Infusión Intravenosa, 500ml.;0.64;1,036,716;111,712;212,400;1,360,828;870,929.92
102017602;SODIO CLORURO, al 0.9%, solución, envase plástico (bolsa o frasco), con equipo adaptable desechable para Infusión Intravenosa, 1,000ml.;0.83;730,000;75,840;68,666;874,506;725,839.98
102018101;SODIO BICARBONATO 7.5%, solución hipertónica, I.V.;1.75;23,140;29,500;4,732;57,372;100,401.00
102019001;SODIO CLORURO 20-25%, solución hipertónica, I.V.;15;844;0;18,280;19,124;286,840.88
102019101;HIDROCORTISONA SUCCINATO SÓDICO 50mg/ml, polvo liofilizado, I.M., I.V.;1.07;4,350;18,760;13,710;36,820;39,360.58
102020101;OXITOCINA SINTÉTICA 5-10UI/ml, solución, I.V.;0.14;458,760;16,300;46,800;521,860;72,538.54
102022701;CIANOCOBALAMINA 1,000mcg/ml, solución, I.M.;0.16;0;1,930;15,500;17,430;2,753.94
102023801;AMPICILINA SÓDICA 1g, polvo liofilizado, I.M., I.V.;0.18;111,360;24,250;11,200;146,810;26,278.99
102023901;BIPERIDENO LACTATO 5mg/ml, solución, I.M., I.V.;2.03;0;0;0;0;0
102025001;VINBLASTINA SULFATO 10mg, polvo liofilizado, I.V.;38.93;0;0;0;0;0
102026001;CITARABINA 100mg, polvo liofilizado, I.V.;7.66;43,467;0;297;43,764;335,232.24
102026801;LIGNOCAÍNA (LIDOCAÍNA) 2%, con preservativo, solución, I.M., I.V.;1.19;0;0;0;0;0
102027801;MEDROXIPROGESTERONA, larga acción, 150mg/ml, solución, I.M.;2.96;1,113;4,542;10,331;15,986;47,318.56
102030701;FENTANILO 0.05mg/ml, I.M., I.V.;0.5;1,333,183;115,700;130,350;1,579,233;788,037.27
102031702;FUROSEMIDA 10mg/ml, solución,  I.M., I.V.;0.11;238,450;55,586;311,665;605,701;66,627.11
102032401;ATROPINA SULFATO 1mg/ml, solución,  S.C., I.M., I.V.;0.52;811;0;40;851;442.52
102033301;GENTAMICINA SULFATO 40mg/ml, solución, I.M., I.V.;0.17;426;12,310;17,930;30,666;5,213.22
102037201;KETAMINA 50mg/ml, solución, I.M., I.V.;3.14;84;1,970;0;2,054;6,449.56
102037401;CICLOFOSFAMIDA 500mg–1g,  polvo liofilizado, I.V.;8.88;8,195;0;70;8,265;73,393.20
102037601;MANITOL 20%, solución para Infusión Intravenosa, con equipo adaptable desechable I.V., (con filtro).;0.75;9,816;3,218;15,290;28,324;21,243.00
102040101;HALOPERIDOL 5mg/ml, solución, I.M.;0.76;2,534;6,680;100;9,314;7,060.01
102041301;HIDRALAZINA CLORHIDRATO 20mg/ml, polvo o solución, I.M., I.V.;8.63;37,400;950;14,280;52,630;454,196.90
102041901;OXACILINA SÓDICA 1g, polvo liofilizado, I.V.;0.21;352,000;25,800;50,200;428,000;89,880.00
102042601;DACARBAZINA CITRATO  200mg, polvo liofilizado, I.V.;6.77;1,088;0;0;1,088;7,365.76
102043901;AMIKACINA SULFATO 250 MG/ML, solución, I.M., I.V.;1.6;58,951;6,511;15,350;80,812;129,299.20
102044201;BUPIVACAÍNA CLORHIDRATO 0.5%, solución, Vía Parenteral.;1.55;0;0;0;0;0
102044501;DICLOFENACO SÓDICO 25mg/ml, solución, I.M. o I.M./I.V.;0.08;0;0;0;0;0
102045001;AMINOÁCIDOS CRISTALINOS al 10%, solución, 500ml, I.V.;5.88;13,440;5,050;8,350;26,840;157,819.20
102045101;DOPAMINA CLORHIDRATO 4050mg/ml, solución, I.V.;1.25;8,970;220;0;9,190;11,487.50
102045401;VERAPAMILO CLORHIDRATO 5mg, solución, I.V.;3.54;0;1,080;0;1,080;3,823.20
102045801;MITOMICINA 5mg, polvo liofilizado, I.V.;20.76;0;0;0;0;0
102047001;DIPIRONA CON SALES MAGNÉSICAS 2g/5ml, solución, I.M., I.V.;0.54;1,441,078;156,790;386,600;1,984,468;1,071,612.72
102047601;FENITOÍNA SÓDICA 50mg/ml, solución, I.V.;0.02;0;0;0;0;0
102048101;AMINOFILINA 25mg/ml, solución, I.V.;0.4;24,156;650;375;25,181;10,072.40
102048201;ADRENALINA CLORURO (EPINEFRINA) 1:1,000, 1mg/ml, solución, 1ml, S.C. I.M. I.V.;0.45;150,870;15,670;29,494;196,034;88,215.30
102048301;ISOPROTERENOL 0.2mg/ml, solución, I.V.;22;0;0;0;0;0
102048601;PROPRANOLOL CLORHIDRATO 1mg/ml, solución, I.V.;10.97;3,055;470;1,100;4,625;50,736.25
102048801;ACETILCOLINA CLORURO 1:100 o CARBACOL 0.01%, solución estéril, Vía Oftálmica.;28;630;0;60;690;19,320.00
102049301;DIGOXINA 0.25mg/ml, solución, I.V.;3.59;636;0;2,517;3,153;11,319.27
102051901;ALBÚMINA HUMANA POBRE EN SODIO 10g/50ml (20%) ó 12.5g/50ml (25%), solución,  I.V.;23;640;780;100;1,520;34,960.00
102052401;DIMENHIDRINATO 10mg/ml, solución, I.V.;1.42;0;0;11,695;11,695;16,606.90
102052601;FITOMENADIONA (VITAMINA K) 10mg/ml, solución, I.M., I.V.;0.98;0;0;500;500;490
102053001;AMINOCAPRÓICO ÁCIDO 250mg/ml, solución, I.V.;35;3,600;58;3,510;7,168;250,880.00
102053201;HEPARINA SÓDICA 5,000UI/ml, solución, I.V., S.C.;3.07;4,000;4,400;13,260;21,660;66,496.20
102053501;PROTAMINA CLORHIDRATO o SULFATO 10mg/ml ó 1,000U/ml, solución, I.V.;9.52;42,750;695;260;43,705;416,071.60
102053901;METOTREXATE 25mg/ml, solución isotónica parenteral libre de preservativos, I.M., I.T., I.V.;5.71;7,940;490;435;8,865;50,654.61
102054301;VINCRISTINA SULFATO 1mg, polvo liofilizado o solución, I.V.;11.34;165;0;0;165;1,871.10
102055301;ANFOTERICINA B 50mg, polvo liofilizado, I.V.;5.19;2,800;125;1,290;4,215;21,875.85
102055501;CEFALOTINA SÓDICA 1g, polvo liofilizado, I.V.;0.69;489,510;0;26,150;515,660;355,805.40
102059001;SUERO ANTIOFÍDICO, POLIVALENTE, (QUE INCLUYE ANTI-B  ASPER/ATROX), CON ANTILAQUÉSICO, solución, vial, 10ml, I.V.;41.48;8,220;2,725;3,335;14,280;592,334.40
102059401;DIAZEPAM 5mg/ml, solución, I.M., I.V.;1.42;77,000;570;1,155;78,725;111,789.50
102059601;SUXAMETONIO (SUCCINILCOLINA) CLORURO 50mg/ml, polvo liofilizado, I.V.;13.08;975;420;1,445;2,840;37,147.20
102060101;CISPLATINO 10mg, polvo liofilizado o solución, I.V.;6.98;211;0;20;231;1,612.38
102060301;CLINDAMICINA FOSFATO 150mg/ml, solución, I.M., I.V.;0.32;164,566;59,425;39,300;263,291;84,253.12
102061601;METILPREDNISOLONA SUCCINATO SÓDICO 500mg polvo liofilizado o solución, I.V.;3.63;55,948;26,969;25,470;108,387;393,444.81
102062401;SALINA BALANCEADA, solución estéril, Uso Intraocular.;9;4,883;96;170;5,149;46,341.00
102062501;CEFTRIAXONA SÓDICA 500mg, polvo liofilizado, con diluyente lidocaína 1%, I.M.;2.17;50,287;50,716;56,173;157,176;341,071.92
102062701;CEFTRIAXONA SÓDICA 1g, polvo liofilizado, I.V.;0.29;0;0;0;0;0
102062801;CEFOXITINA SÓDICA 1g, polvo liofilizado, I.V.;1.42;17,250;20,850;20,750;58,850;83,508.15
102063001;DOBUTAMINA 250mg, solución, I.V.;2.73;7,123;1,080;5,290;13,493;36,835.89
102063201;VANCOMICINA 500mg, polvo liofilizado, I.V.;0.88;69,140;14,650;6,650;90,440;79,496.76
102064001;ASPARAGINASA 10,000UI, polvo liofilizado, I.V.;66.5;1,460;0;10;1,470;97,755.00
102064701;ETOPÓSIDO 20mg/ml, solución, I.V.;5.11;0;0;0;0;0
102066301;CEFOTAXIMA 1g, polvo liofilizado, I.V.;0.28;28,580;8,720;169,700;207,000;58,788.00
102066801;MORFINA CLORHIDRATO o SULFATO 10mg/ml, solución, S.C., I.M., I.V.;0.38;61,568;20,870;16,780;99,218;38,000.49
102069001;METRONIDAZOL 500mg, solución, I.V.;0.34;222,820;7,450;91,150;321,420;109,282.80
102070601;EMULSIÓN DE LÍPIDOS DE CUARTA GENERACIÓN: ACEITE DE SOYA 40-60g/1000ml, TRIGLICÉRIDOS DE CADENA MEDIA 40-60g/1000ml, ACEITE DE OLIVA 40-60g/1000ml, ACEITE DE PESCADO RICO EN OMEGA-3 20-30g/1000ml, bolsa plástica o frasco, 500ml, I.V.;35;493;200;0;693;24,255.00
102072101;CEFTAZIDIMA 1g, polvo liofilizado, I.M., I.V.;0.69;46,056;9,950;15,600;71,606;49,193.32
102072301;INSULINA NPH (HUMANA) 100UI/ml, suspensión, S.C.;3.64;280,500;4,520;5,310;290,330;1,056,801.20
102072401;INSULINA REGULAR (HUMANA) 100UI/ml,  solución, S.C., I.V.;3.8;95,870;4,740;1,600;102,210;388,398.00
102072601;INMUNOGLOBULINA 5-10g, polvo liofilizado o solución, I.V.;367;4,000;2,000;2,350;8,350;3,064,450.00
102073001;PROPOFOL 10mg/ml, emulsión, I.V.;1.18;49,840;0;0;49,840;58,811.20
102073301;ACICLOVIR 25mg/ml, polvo liofilizado, I.V.;2.19;5,680;490;1,780;7,950;17,410.50
102073401;ERITROPOYETINA 2,000UI, solución, polvo liofilizado, S.C., I.V.;1.64;940,037;78,000;144,750;1,162,787;1,906,970.68
102073501;IFOSFAMIDA 1g, polvo liofilizado, I.V.;11.25;1,000;0;0;1,000;11,250.00
102073601;MESNA 100mg/ml, solución, I.V.;3.73;2,220;0;0;2,220;8,280.60
102073701;MIDAZOLAM 5mg/ml, solución, I.V.;0.69;52,951;46,980;35,315;135,246;93,319.74
102074001;LEUCOVORINA CÁLCICA (ACIDO FOLÍNICO) 50mg, polvo liofilizado o solución, I.M., I.V.;4.7;0;0;0;0;0
102074201;FACTOR VIII ANTIHEMOFÍLICO HUMANO DE ORIGEN PLASMÁTICO CON O SIN FACTOR DE VON WILLEBRAND, con doble inactivación viral o inactivación viral y eliminación viral 250-1,000UI, solución o polvo, vial,  I.V.;60.25;7,670;316;850;8,836;532,369.00
102074301;GLICERIL TRINITRATO (NITROGLICERINA) 5mg/ml, solución, I.V.;7.45;6,020;1,025;1,400;8,445;62,915.25
102074401;COMPLEJO PROTROMBÍNICO, con un mínimo de 200UI de FACTOR IX, solución o polvo liofilizado, I.V.;144.5;0;0;0;0;0
102075001;CARBAPENEM: IMIPENEM 500mg con CILASTATINA 500mg, polvo liofilizado, I.V.;2.4;30,027;485;4,984;35,496;85,190.40
102075301;GANCICLOVIR 500mg, polvo liofilizado, I.V.;57;0;0;0;0;0
102075401;SURFACTANTE PULMONAR: COLFOSCERILO PALMITATO o FOSFOLÍPIDO 100-240mg, suspensión, Vía Endotraqueal.;147.72;2,620;20;15;2,655;392,196.60
102075501;NIMODIPINA 10mg/50ml, solución, I.V.;6;6,124;415;1,200;7,739;46,434.00
102075601;OCTREOTIDE 0.1mg, solución, I.V., S.C.;2.88;2,600;0;2,750;5,350;15,408.00
102075701;SODIO CLORURO, 0.9%,  solución, envase plástico (bolsa o frasco), 3,000ml, I.V.;4.81;0;2,360;316;2,676;12,876.91
102075901;FLUMAZENIL 0.1mg/ml, solución, I.V.;3.65;330;240;20;590;2,153.50
102076101;CARBOPLATINO 150mg,  polvo liofilizado o solución, I.V.;35;2,130;0;100;2,230;78,050.00
102076401;INMUNOGLOBULINA 2.5-3g, polvo liofilizado o solución, I.V.;183.5;1,995;0;0;1,995;366,082.50
102077101;CIPROFLOXACINA LACTATO 200mg, solución, I.V;0.37;289,215;6,180;49,830;345,225;127,733.25
102077201;FLUCONAZOL 2mg/ml, solución, I.V.;0.94;2,020;100;600;2,720;2,556.80
102077301;HEPARINA DE BAJO PESO MOLECULAR, CON ACTIVIDAD ANTI-Xa  2,500-4,000UI, solución, jeringa prellenada, S.C.;3.47;559,640;3,440;36,960;600,040;2,082,138.80
102077501;CEFEPIME 1g, polvo liofilizado, I.V.;0.84;63,100;600;15,100;78,800;66,192.00
102077801;FACTOR ESTIMULANTE DE COLONIAS DE GRANULOCITOS (G-CSF): FILGRASTIM 300mcg, solución, S.C., I.V.;14;24,125;2,050;400;26,575;372,050.00
102077901;MEROPENEM 1g, polvo liofilizado, I.V.;3.11;25,410;17,860;10,550;53,820;167,380.20
102078001;PIPERACILINA 4g con TAZOBACTAM 500mg, polvo liofilizado, I.V.;1.78;326,050;43,500;69,250;438,800;781,064.00
102078101;AMINOÁCIDOS CRISTALINOS al 10%, con CISTEÍNA, HISTIDINA, TAURINA y TIROSINA, solución, 250-500ml, I.V.;10;3,350;0;0;3,350;33,500.00
102078201;DEXTROSA HIPERTÓNICA 50% a 70%, solución, 500ml a 2,000ml, I.V.;7.97;0;200;0;200;1,594.00
102078301;OLIGOELEMENTOS o ELEMENTOS TRAZAS PARA ADULTOS CON ZINC, COBRE, MANGANESO Y CROMO, solución, I.V.;12.1;0;0;0;0;0
102078401;POTASIO FOSFATO 3mmol/ml, solución, I.V.;13.58;4,776;400;0;5,176;70,290.08
102078501;AGUA ESTÉRIL, frasco o bolsa, 1,000-4,000ml, Vía Parenteral.;1.13;15,895;60,245;59,245;135,385;153,255.82
102078701;OMEPRAZOL, 40MG, POLVO LIOFILIZADO, I.V.;0.43;95,883;50,957;64,325;211,165;90,800.95
102079001;HIERRO NO DEXTRÁN, 10-20MG/ML, SOLUCIÓN, I.V.;1.97;29,795;45,875;4,250;79,920;157,442.40
102079101;TIROFIBAN CLORHIDRATO 0.25mg/ml, solución, I.V.;10;0;0;0;0;0
102079201;DEXTROSA EN AGUA, AL 5% EN SOLUCIÓN SALINA AL 0.33%, SOLUCIÓN, ENVASE PLÁSTICO (BOLSA O FRASCO), CON EQUIPO ADAPTABLE DESECHABLE PARA INFUSIÓN INTRAVENOSA, 500ML.;0.41;81,265;31,145;29,460;141,870;58,166.70
102079301;AMIODARONA 50mg/ml, solución, I.V.;2.34;0;0;0;0;0
102079401;ADENOSINA, 3MG/ML, SOLUCIÓN, . I.V.;5.18;116;0;0;116;600.88
102079501;LEVOFLOXACINA, 500MG, SOLUCIÓN, I.V.;0.98;810;4,356;4,081;9,247;9,062.06
102079601;METOTREXATE, 1G, SOLUCIÓN , I.M., I.T., I.V.;60.67;1,554;0;20;1,574;95,494.58
102079701;CITARABINA 500mg-1000mg, polvo estéril para solución inyectable, I.V. Infusión I.V., S.C., Intratecal.;17.29;0;0;0;0;0
102079801;GEMCITABINA CLORHIDRATO 1g, polvo liofilizado,  I.V.;22.56;2,352;0;0;2,352;53,061.12
102080001;ROCURONIO BROMURO 10mg/ml, solución, I.V.;2.88;1,824;1,600;5,037;8,461;24,367.68
102080201;DEXTROSA EN AGUA, AL 5% EN SOLUCIÓN SALINA AL 0.45%, SOLUCIÓN, ENVASE PLÁSTICO (BOLSA O FRASCO), CON EQUIPO ADAPTABLE DESECHABLE PARA INFUSIÓN INTRAVENOSA, 500ML.;0.88;20,244;0;4,400;24,644;21,686.72
102080301;BASILIXIMAB, 20MG, POLVO LIOFILIZADO, I.V.;1,398.50;42;0;0;42;58,737.00
102080401;LEUPRORELINA (LEUPROLIDE) ACETATO, 11.25MG, POLVO LIOFILIZADO, S.C., I.M.;226.83;0;0;134;134;30,395.22
102080801;RITUXIMAB 100mg, solución, I.V.;60.72;6,751;24;1,185;7,960;483,331.20
102080901;EPOETINA  (ERITROPOYETINA)  20,000-50,000UI, solución o polvo, S.C., I.V.;95;9,050;0;0;9,050;859,750.00
102081101;ZOLEDRÓNICO ÁCIDO 4mg, solución, I.V.;18.5;135;935;250;1,320;24,420.00
102081301;INTERFERON BETA 1B, 250 MCG (8 MILLONES UI)/ML, POLVO LIOFILIZADO, SC.;90;1,320;255;0;1,575;141,750.00
102081401;Interferon beta 1a, 44mcg (12 millones UI), solución, sin albúmina, S.C.;115.17;10,144;312;936;11,392;1,312,016.64
102081501;Interferon beta 1a, 30mcg (6 millones UI), polvo liofilizado, I.M.;286;1,340;160;60;1,560;446,160.00
102081601;IRINOTECAN CLORHIDRATO 20mg/ml, solución, I.V.;18;1,600;0;80;1,680;30,240.00
102081701;RITUXIMAB 500mg, solución, I.V.;181.22;4,806;856;1,190;6,852;1,241,719.44
102081801;MEGLUMINA ANTIMONIATO 1.5g/5ml, sal activa en solución 81mg/ml,  I.M., I.V.;0.74;8,025;290;9,120;17,435;12,901.90
102082101;INSULINA ANÁLOGA DE ACCIÓN PROLONGADA GLARGINA, 100UI/ml, solución, S.C.;42.9;23,650;26,100;22,040;71,790;3,079,791.00
102082201;TOCILIZUMAB 20mg/ml, solución concentrada, I.V.;260;28,595;1,095;652;30,342;7,888,920.00
102082301;Tigeciclina clorhidrato, 50mg, polvo liofilizado, I.V.;11.62;130;1,000;0;1,130;13,130.60
102082401;Ertapenem, 1g, polvo liofilizado para solución inyectable, I.M., I.V.;49.66;40,450;2,555;5,394;48,399;2,403,494.34
102090601;Trimetoprin 16mg con Sulfametoxazol 80mg/ml, solución, I.V.;14.48;0;0;0;0;0
102090701;Octreotide, 20mg, acción prolongada, polvo liofilizado, I.M.;490.2;100;265;460;825;404,415.00
102090801;Labetalol Hidrocloruro 5mg/ml, solucion, I.V.;17.68;15,395;8,545;890;24,830;438,994.40
102091201;Busulfano, 6mg/ml, solución, I.V.;319;1,200;0;0;1,200;382,800.00
102091301;CASPOFUNGINA 50mg, polvo liofilizado, I.V.;39.5;12,155;2,320;1,060;15,535;613,632.50
102091401;CICLOSPORINA 50mg/ml, solución, I.V.;9.9;1,660;0;0;1,660;16,434.00
102091601;DAUNORUBICINA HIDROCLORURO 20mg, polvo liofilizado, I.V.;50;0;0;0;0;0
102091701;Etanercept,  50mg, S.C.;169.97;30,776;2,848;8,080;41,704;7,088,428.88
102091801;Factor VIII rico en Factor Von Willebrand, 250-500UI, polvo liofilizado, vial, I.V.;60;1,335;630;0;1,965;117,900.00
102092101;Heparina bajo peso molecular (Enoxaparina Sódica), actividad anti-Xa 8,000UI, solución, jeringa prellenada, 0.8ml, S.C.;5.89;5,440;20,440;10,000;35,880;211,333.20
102092301;Infliximab, 100mg, polvo liofilizado, I.V.;144.3;1,496;174;1,310;2,980;430,014.00
102092501;LEVOBUPIVACAÍNA CLORHIDRATO 5mg/ml, solución, Vía Parenteral.;3.23;0;0;0;0;0
102092601;Linezolid, 600mg, solución, I.V.;7.95;24,500;1,690;2,950;29,140;231,663.00
102092701;MELFALANO CLORHIDRATO 50mg, polvo liofilizado, I.V.;125;330;0;0;330;41,250.00
102092801;Milrinona, 1mg/ml, solución, I.V.;12.78;0;0;150;150;1,917.00
102092901;Paricalcitol, 5mcg/ml, solución, I.V.;1.65;15,504;78,430;0;93,934;154,991.10
102093001;POLIMIXINA B SULFATO 500,000UI, polvo o solución, I.M., I.V.;13.01;29,490;50;9,310;38,850;505,438.50
102093201;Teicoplanina, 400mg, polvo liofilizado, I.M, I.V.;20.87;6,535;410;855;7,800;162,786.00
102093301;TOXINA BOTULÍNICA TIPO A 100UI, polvo, I.M.;265.8;672;50;60;782;207,855.60
102093401;Tramadol clorhidrato, 50mg/ml, solucion, I.V.;0.14;67,410;34,780;125,035;227,225;31,811.50
102093601;LEVOSIMENDAN 2.5mg/ml, solución, I.V.;633;200;0;0;200;126,600.00
102093901;BORTEZOMIB 3.5mg,  polvo liofilizado,  I.V., S.C.;35;2,620;0;0;2,620;91,700.00
102094101;Aminoácidos, al 13.4%, enriquecido con Glutamina, solución, 500-1,000ml, I.V.;65;5,110;865;1,000;6,975;453,375.00
102094201;Dipéptido Alanina-Glutamina, al 20%, solución, frasco, 100ml, I.V.;49;600;188;408;1,196;58,604.00
102094501;Dornase Alfa (Desoxirribonucleasa), 1mg/ml, solución, nebulización;43.33;16,590;0;0;16,590;718,844.70
102094601;DEXTROSA EN AGUA al 5%, solución, bolsa plástica con dos salidas, con equipo adaptable desechable para Infusión Intravenosa, 50ml.;0.52;0;0;0;0;0
102094701;DEXTROSA EN AGUA al 5%, solución, bolsa plástica con dos salidas, con equipo adaptable desechable para Infusión Intravenosa, 100ml.;0.56;0;0;0;0;0
102094901;LIDOCAÍNA 2%, solución sin preservativo, Vía Infiltración Local, Troncular, Peridural, I.M., I.V.;2.25;33,085;5,700;0;38,785;87,266.25
102095001;Desmopresina acetato, 15 mcg/ml, solución, I.V., S.C.;60.5;0;600;300;900;54,450.00
102095101;Insulina Análoga Lispro, 100 UI/ml, solucion, I.V.;31.12;2,395;590;314;3,299;102,664.88
102095201;Suero antiofídico anti-coral (contra Micrurus nigrocintus Micrurus fulvius y Micrurus d. arinicaudus), solución o polvo liofilizado, ampolla o vial, 10ml, I.M., I.V.;51.6;0;0;0;0;0
102095301;Icodextrina, 7.5%, solución, intraperitoneal;21.5;59,560;2,496;36,345;98,401;2,115,621.50
102095501;TESTOSTERONA UNDECANOATO 1,000mg, solución, I.M.;70;900;133;6;1,039;72,730.00
102095601;Hormona de crecimiento (somatropina), 5-16 mg, solución o polvo con diluyente, S.C.;62.4;1,720;150;0;1,870;116,688.00
102095701;Palivizumab 100 mg/ml, polvo liofilizado o solución, I.M.;1,131.22;1,725;80;0;1,805;2,041,852.10
102096001;Derivados de Acido Hialurónico de alto peso molecular (mayor de 4 millones de Daltons), solución, uso via intra-articular.;106.16;7,350;240;570;8,160;866,265.60
102096101;FACTOR IX, 600 UI, POLVO Y DISOLVENTE PARA SOLUCIÓN INYECTABLE O PARA PERFUSIÓN, I.V. / FACTOR IX, 50-600 UI/ml, POLVO Y DISOLVENTE PARA SOLUCION INYECTABLE O PARA PERFUSION, I.V.;390;874;681;0;1,555;606,450.00
102096301;AZACITIDINA 100mg, polvo  para preparación inyectable o para perfusión, S.C., I.V.;173.6;1,043;0;250;1,293;224,464.80
102096401;NATALIZUMAB, 300 MG CONCENTRADO PARA SOLUCIÓN PARA PERFUSIÓN, I.V.;2,940.00;246;0;0;246;723,240.00
102096501;ADALIMUMAB, 40mg, solución inyectable, S.C.;139.32;15,858;1,104;115;17,077;2,379,167.64
102097801;ALTEPLASA (rtpA) 50mg, polvo liofilizado, I.V.;447.75;2,462;130;96;2,688;1,203,552.00
102097901;"FORMULACIÓN PARA ALIMENTACIÓN PARENTERAL EN BOLSA DE TRES CÁMARAS: NUTRICIÓN PARENTERAL PERIFÉRICA COMPLETA: EMULSIÓN LIPÍDICA 20%+ GLUCOSA 11% + AMINOÁCIDO Y ELECTROLITOS; solución, bolsa, 1440 ml, I.V.; VEN: FALTA Origen de la Molécula: Síntesis Química.";53.94;2,950;480;1,240;4,670;251,899.80
102098401;LIDOCAÍNA CLORHIDRATO 2% con EPINEFRINA 1:100.000, solución, Infiltración Bucal.;0.25;33,100;11,650;30,000;74,750;18,762.25
102098501;MEPIVACAÍNA CLORHIDRATO 3% (30mg/ml) SIN VASOCONSTRICTOR, solución, Infiltración Bucal.;0.26;257,350;10,900;0;268,250;70,013.25
102098901;DEXMEDETOMIDINA CLORHIDRATO 100mcg a 400mcg, solución, I.V.;12.22;2,250;285;635;3,170;38,737.40
102099001;BENDAMUSTINA, 100 MG, I.V.;107.15;1,835;400;0;2,235;239,480.25
102099101;BENDAMUSTINA, 25 MG, I.V.;57.9;6,170;0;1,040;7,210;417,459.00
102099201;GOSERELINA, 10.8MG, S.C.;400;140;1,132;440;1,712;684,800.00
102099301;FACTOR VII A RECOMBINANTE HUMANO 1mg a 2mg, I.V.;1,450.00;2,248;0;0;2,248;3,259,600.00
102099401;SODIO CLORURO al 0.9%, solución, bolsa plástica con dos salidas, con equipo adaptable desechable para Infusión Intravenosa, 100ml.;0.5;19,749;2,940;8,200;30,889;15,444.50
102099901;VORICONAZOL 200MG, POLVO, I.V.;14;500;600;0;1,100;15,400.00
102100001;DEXKETOPROFENO 25mg/ml, solución para perfusión, I.V., I.M.;0.32;0;0;0;0;0
102100101;PARACETAMOL 10mg/ml, solución para perfusión, I.V.;1.09;135,700;0;10,620;146,320;159,049.84
102101601;METOXIPOLIETILENGLICOL ERITROPOYETINA BETA 100mcg/0.3mL, solución, S.C.;155;3,199;1,796;5,580;10,575;1,639,125.00
102101701;METOXIPOLIETILENGLICOL ERITROPOYETINA BETA, 50mcg/0.3mL, solución, S.C.;77.5;0;0;0;0;0
102102601;OMALIZUMAB, 150mg, POLVO P/SOLU, S.C;540.3;589;108;930;1,627;879,068.10
102106001;PALIPERIDONA PALMITATO, 150mg, solución o suspensión, l.M.;0;145;0;0;145;0
103000101;BUDESONIDA 160MG / FORMOTEROL FUMARATO DIHIDRATADO 4.5mcg, polvo o aerosol o suspensión para inahalación V.O.;35;8,093;0;0;8,093;283,255.00
103000401;ALUMINIO ACETATO ÁCIDO 0.050%- 0.060%, loción, pH: 3.5-4.8, frasco, 120ml, Vía Tópica;0.93;0;0;0;0;0
103000501;METOCLOPRAMIDA, 5MG/5ML, JARABE, FRASCO, 90-125ML, V.O.;0.8;102,558;52,826;56,959;212,343;169,874.40
103000601;DEXTROMETORFANO BROMHIDRATO 10mg/5ml, jarabe, frasco, 120ml, V.O.;0.62;617,133;5,688;17,803;640,624;397,186.88
103000701;RUIBARBO 1.5% y SODIO 3.5%, mixtura, frasco, 120-240ml, V.O.;1.5;115,802;0;828;116,630;174,945.00
103001801;HALOPERIDOL 2mg/ml, gotas, solución, frasco cuentagotas o gotero calibrado, 15ml, V.O.;4.4;0;0;0;0;0
103002901;CLORANFENICOL, 0.5%, GOTAS, SOLUCIÓN, FRASCO 5-15ML, VÍA OFTÁLMICA;3.7;0;190;0;190;703
103003201;HIDROCORTISONA 0.25-2.5%, loción, frasco, 15-30ml, Vía Tópica. (Corticoide de baja potencia).;3.9;0;0;0;0;0
103003401;POLIMIXINA B, NEOMICINA, HIDROCORTISONA 1%, gotas, suspensión, frasco, 5ml, Vía Ótica.;14.2;449;0;0;449;6,375.80
103005501;METACRESOLSULFÓNICO ÁCIDO con FORMALDEHÍDO (POLICRESULENO) 36 - 41%, líquido, frasco, 10-25ml, Vía Tópica.;8.19;0;0;0;0;0
103005802;HOMATROPINA METILBROMURO 5mg/5ml, elixir, frasco, 120ml, V.O.;0.87;0;0;1,520;1,520;1,322.40
103006801;POTASIO GLUCONATO, 20MEQ/15ML, ELIXIR, FRASCO, 150-200ML, V.O.;8.92;9,582;1,092;2,813;13,487;120,304.04
103007501;MUCILOIDES HIDROFÍLICOS DERIVADOS DE PLANTAGINACEAE (equivalente a un  mínimo de 49% de PSYLLIUM), polvo o cáscara, frasco, 200-350g, V.O.;5.8;114,689;1,294;6,800;122,783;712,141.40
103007901;ALUMINIO Y MAGNESIO HIDRÓXIDO, 5.9-8.3% DE HIDRÓXIDOS TOTALES, GEL O SUSPENSIÓN, FRASCO, 150-240ML, V.O.                            ;1.2;319,598;44,316;1,680;365,594;438,712.80
103009501;PASIFLORA, 500MG/5ML, SOLUCIÓN, FRASCO, V.O.;5.5;30,182;8,351;5,378;43,911;241,510.50
103009901;GUAYACOLATO DE GLICERILO, 100MG/5ML, JARABE, FRASCO, 120ML, V.O.;0.53;186,240;1,363;17,800;205,403;108,863.59
103010301;ALUMINIO ACETATO ÁCIDO, (ACETATO DE CALCIO Y SULFATO DE ALUMÍNIO), POLVO, SOBRE,  2-3G, VÍA TÓPICA.;0.38;729,900;100,950;51,400;882,250;335,255.00
103012801;TRIMETROPIN 40MG CON SULFAMETOXAZOL 200MG/5ML, SUSPENSIÓN  PEDIÁTRICA, FRASCO, 100-120ML, V.O.;0.74;48,355;7,986;7,728;64,069;47,090.72
103015001;ANTIHISTAMÍNICO CON DESCONGESTIONANTE NASAL: ANTIHISTAMÍNICO: BROMFENIRAMINA, 2MG/5ML, O CLORFENIRAMINA, 2MG/5ML, O DEXBROMFENIRAMINA, 1.5MG/5ML, O TRIPROLIDINA, 1.25MG/5ML CON DESCONGESTIONANTE NASAL: FENILEFRINA, 5MG/5ML, O PSEUDOEFEDRINA, 30MG/5ML, JARABE, FRASCO, 60-90ML, V.O.;0.65;339,277;107,822;53,724;500,823;325,534.95
103015801;HIDROXICINA, 0.2%, 10MG/5ML, JARABE, FRASCO, 180-200 ML, V.O.;1.18;0;0;0;0;0
103016601;CLORFENIRAMINA  MALEATO, 2-2.5MG/5ML, JARABE, FRASCO, 120ML,  V.O.;0.5;126,436;4,775;2,644;133,855;66,793.65
103018801;HIERRO (SAL FERROSA), 25MG/ML DE HIERRO ELEMENTAL, GOTAS, FRASCO CON CUENTAGOTAS O GOTERO CALIBRADO, 15-30ML, V.O.;4.89;24,870;55,042;1,415;81,327;397,689.03
103019701;PARACETAMOL (ACETAMINOFÉN), 90-100MG/ML, GOTAS, SOLUCIÓN, FRASCO CON CUENTAGOTAS O GOTERO CALIBRADO, 15-30ML, V.O.;1.25;53,982;9,622;1,377;64,981;81,226.25
103019801;PARACETAMOL (ACETAMINOFÉN), 120-160MG/5ML, JARABE O SOLUCIÓN, FRASCO, V.O.;0.49;12,970;70,861;11,748;95,579;46,833.71
103020001;NISTATINA, 100,000UI/ML, SUSPENSIÓN, FRASCO CON CUENTAGOTAS O GOTERO CALIBRADO, 24-30ML, V.O.                                                                  ;4.4;30,876;3,947;1,476;36,299;159,715.60
103022101;DICLOXACILINA, 250MG/5ML, POLVO PARA SUSPENSIÓN, FRASCO,  60–100ML, V.O.;2.97;32,401;20,679;3,684;56,764;168,589.08
103025101;FERROSO FUMARATO, 140MG/5ML,  SUSPENSIÓN, FRASCO, 150-200ML, V.O.;3.67;30,830;5,380;5,429;41,639;152,815.13
103025201;LÁGRIMAS ARTIFICIALES QUE CONTENGAN POLÍMEROS DE ÉSTERES DE CELULOSA,  0.2%-05% Y/O ALCOHOL POLIVINÍLICO, 1%-3%, GOTAS, SOLUCIÓN, 15-20ML, VÍA OFTÁLMICA  ;0.53;132,783;1,375;1,922;136,080;71,986.32
103027401;PIPACETATO, 40MG/ML, GOTAS, FRASCO, 15ML, V.O.;5.95;76,860;0;0;76,860;457,317.00
103030501;POLIESTIRENO SULFONATO, POLVO, POTE O FRASCO, 453.6 G,  V.O., VÍA RECTAL;30.42;477;172;132;781;23,758.02
103032801;CEFALEXINA, 250MG/5ML, GRÁNULO O POLVO PARA SUSPENSIÓN O JARABE, 60- 100ML, FRASCO, V.O.;2.78;0;0;0;0;0
103035301;MULTIVITAMINAS GOTAS, FRASCO CON CUENTAGOTAS O GOTERO CALIBRADO, 15-30ML V.O.;5.13;0;0;0;0;0
103036001;DIFENHIDRAMINA, 12.5MG/5ML, JARABE, FRASCO 120ML, V.O.;0.65;408,656;13,775;11,200;433,631;281,860.15
103037001;METRONIDAZOL, 125MG/5ML, SUSPENSIÓN, FRASCO, 120ML, V.O.;1.92;51,963;13,670;3,090;68,723;131,948.16
103039201;PROXIMETACAÍNA (PROPARACAÍNA), 0.5% O TETRACAÍNA (AMETHOCAÍNA), 0.5%, GOTAS, SOLUCIÓN, FRASCO, 10-15ML, VÍA OFTÁLMICA.;12.95;1,321;815;295;2,431;31,481.45
103039801;COLESTIRAMINA RESINA, 4G, POLVO, SOBRE, V.O.;1.55;501,510;169,900;182,600;854,010;1,323,715.50
103041201;CLOTRIMAZOL, 1-2%, SOLUCIÓN, FRASCO, 20-30ML VÍA TÓPICA;1.11;124,743;39,885;2,900;167,528;185,956.08
103041301;BECLOMETASONA DIPROPIONATO 50mcg/inhalación, solución en aerosol  libre de CFC, inhalador con 100-200 dosis,  Vía Bucal.;0.98;0;0;0;0;0
103042901;CLONAZEPAM, 2.5MG/ML, SOLUCIÓN, FRASCO, 10ML, V.O.;3.03;0;0;0;0;0
103043301;SALBUTAMOL SULFATO, 2MG/5ML, JARABE, FRASCO, 150-180ML, V.O.;1.5;9,932;1,200;0;11,132;16,698.00
103043401;SALBUTAMOL BASE O SULFATO, 100MCG/INHALACIÓN, SUSPENSIÓN EN AEROSOL LIBRE DE  CFC, INHALADOR CON 200-250 DOSIS, VÍA BUCAL.;0.94;845;81,495;0;82,340;77,399.60
103047001;PIRANTEL PAMOATO 250MG CON OXANTEL 250MG/5ML, SUSPENSIÓN, FRASCO, 15ML, V.O.;2.65;130,858;5,100;3,776;139,734;370,295.10
103047601;TIMOLOL MALEATO O BETAXOLOL CLORHIDRATO O LEVOBUNOLOL CLORHIDRATO,  0.5%, GOTAS, SOLUCIÓN, FRASCO 5 - 15ML,  VÍA OFTÁLMICA.;0.29;63,840;34,945;15,184;113,969;33,051.01
103047701;BETAMETASONA VALERATO, 0.1%,  LOCIÓN CAPILAR, FRASCO, 20-60ML, VÍA TÓPICA.;9.92;14,959;670;25,453;41,082;407,533.44
103048601;SALES DE REHIDRATACIÓN ORAL,  CON UN CONTENIDO MÍNIMO DE: DEXTROSA (GLUCOSA) ANHIDRA 20G, SODIO CLORURO 3.5G,  SODIO CITRATO DIHIDRATADO 2.9G, POTASIO  CLORURO 1.5G, POLVO, SOBRE, V.O.;0.38;2,760;3,196;0;5,956;2,263.28
103048701;VALPROICO ÁCIDO 250mg/5ml, jarabe o suspensión, frasco, 120ml, V.O.;1.94;41,578;1,696;11,298;54,572;105,869.68
103048901;SALBUTAMOL SULFATO, 0.5%, SOLUCIÓN, FRASCO, 20-30ML, NEBULIZACIÓN.;1.05;26,863;3,558;14,180;44,601;46,831.05
103049101;LACTULOSA LIQUIDO, 667MG/ML, FRASCO, 450-500ML, V.O.;3.9;0;0;0;0;0
103049301;NAFAZOLINA CLORHIDRATO, 0.1%, GOTAS, SOLUCIÓN, FRASCO, 7-15ML, VÍA OFTÁLMICA.;2.35;1,220;8,975;1,210;11,405;26,801.75
103049901;PREDNISOLONA ACETATO, 1%, GOTAS, SUSPENSION,  FRASCO 5-15ML, OFTALMICA.;6.84;34,090;9,465;295;43,850;299,934.00
103051001;DESMOPRESINA ACETATO 0.1mg/ml, solución, frasco, 2.5ml, Vía Nasal.;58.56;1,100;915;725;2,740;160,454.40
103053701;CARBAMAZEPINA 100mg/5ml, suspensión, frasco, 100ml, V.O.;6.42;5,307;0;0;5,307;34,070.94
103054701;Ipratropio bromuro, 15-20mcg/inhalación, solución en aerosol, inhalador con 200-250 dosis, vía bucal;1.97;0;0;0;0;0
103054801;DICLOFÉNACO 0.1%, O FLURBIPROFEN 0.03%, O SUPROFEN 1%, GOTAS, SOLUCIÓN, FRASCO, 2.5-10 ML, VÍA OFTÁLMICA. 5ml;0.78;36,680;12,440;1,242;50,362;39,282.36
103055001;CROMOGLICATO SÓDICO, 4% PESO/VOLUMEN, SOLUCIÓN, FRASCO ATOMIZADOR CON DISPOSITIVO, VÍA NASAL.;1.22;41,436;25,244;2,580;69,260;84,497.20
103055201;AMOXICILINA BASE O TRIHIDRATADA, 250MG/5ML, POLVO PARA SUSPENSIÓN O JARABE, FRASCO,  60-100ML. V.O.;3.15;508,707;74,545;88,465;671,717;2,115,908.55
103056801;PREDNISONA O PREDNISOLONA, 1-3MG/ML, JARABE O SOLUCIÓN, 60- 120ML, V.O.;1.48;351;5,366;176;5,893;8,721.64
103056901;ALBENDAZOL, 40MG/ML, SUSPENSIÓN, FRASCO, V.O.;1.86;37,599;13,430;7,416;58,445;108,707.70
103057101;IPRATROPIO BROMURO, 250MCG/ML, SOLUCIÓN, FRASCO, 20ML, NEBULIZACIÓN;1.62;37,765;12,370;4,670;54,805;88,784.10
103057301;LATANOPROST, 50 MCG/ML, GOTAS, SOLUCIÓN, FRASCO, 2.5ML, VÍA OFTÁLMICA.;1.68;10,863;2,310;0;13,173;22,130.64
103057401;DORZOLAMIDA CLORHIDRATO, 2%, GOTAS, SOLUCIÓN, FRASCO, 5-10ML, VÍA OFTÁLMICA.;1.65;1,847;14,765;13,404;30,016;49,526.40
103057501;LOPINAVIR 80MG CON RITONAVIR 20MG/ML, SOLUCIÓN, FRASCO, V.O.;43.2;0;0;0;0;0
103057801;AMOXICILINA 400MG CON ACIDO CLAVULÁNICO 57MG (CLAVULONATO POTÁSICO), SUSPENSIÓN, FRASCO, V.O.;3.08;31,449;5,162;2,672;39,283;120,991.64
103057901;BENCILO BENZOATO, 25%, loción, frasco, 120ml, Vía Tópica;9.6;1,600;550;260;2,410;23,136.00
103058001;CALAMINA, 8%, LOCIÓN, FRASCO, 120ML, VÍA TÓPICA.;3.58;12,316;2,215;286;14,817;53,044.86
103058101;COMPLEJO B, elixir o jarabe, V.O.;3.7;734;13,936;18,654;33,324;123,298.80
103058201;AZELASTINA HIDROCLORURO, 0.05%,  GOTAS, SOLUCIÓN, FRASCO, VÍA  OFTÁLMICA.;3.74;24,623;8,780;25,895;59,298;221,774.52
103058301;AZITROMICINA, 200MG/5ML,  POLVO PARA SUSPENSIÓN, 15-30ML, FRASCO, V.O.;2.94;121,917;32,980;475;155,372;456,793.68
103059301;BRIMONIDINA TARTRATO, 0.2%,  GOTAS,  SOLUCIÓN, FRASCO, VÍA OFTÁLMICA;2.94;41,920;2,670;1,595;46,185;135,783.90
103059401;CICLOSPORINA 100mg/ml, solución con microemulsión, frasco, V.O.;184;40;0;0;40;7,360.00
103060201;MOMETASONA FUROATO 200mcg/ inhalación, polvo seco, inhalador, Vía Bucal.;22.5;0;0;0;0;0
103060401;LAMIVUDINA 10mg/ml, solución, frasco, 240-300ml, V.O.;12.2;0;0;0;0;0
103060501;ZIDOVUDINA 10mg/ml, solución, frasco, 240- 300ml, V.O.;20.02;0;0;0;0;0
103060601;FENTANILO, 25MCG, PARCHE TRANSDÉRMICO, VÍA TÓPICA.;3.88;11,907;3,039;684;15,630;60,644.40
103060801;TIOTROPIO BROMURO, 18MCG/INHALACIÓN, POLVO SECO, INHALADOR CON DISPOSITIVO, VÍA BUCAL;2.32;960;0;0;960;2,227.20
103061001;SODIO CLORURO, 0.85%-0.9%, GOTAS NASALES EN SOLUCIÓN, FRASCO 50ML, VÍA NASAL.;3.34;0;0;0;0;0
103061101;CALCIPOTRIOL (HIDRATO), 50MCG/G CON BETAMETASONA (DIPROPIONATO), 05MG/G, GEL FRASCO, 30G, VIA TÓPICA.;25;0;13,915;0;13,915;347,875.00
103061201;RIVASTIGMINA, 9MG PARCHE TRANSDÉRMICO, VÍA TÓPICA;1.05;338,550;90,750;19,620;448,920;471,366.00
103061301;RIVASTIGMINA, 18MG PARCHE TRANSDÉRMICO, VÍA TÓPICA;1.28;1,074,720;305,910;84,240;1,464,870;1,875,033.60
103061401;TOBRAMICINA 300mg/5ml, solución para Inhalación y Nebulizar, ampolla.;25.87;5,600;0;0;5,600;144,872.00
103061701;MOMETASONA, 50MCG/INHALACIÓN, SUSPENSIÓN ACUOSA EN AEROSOL, INHALADOR, VIA NASAL.;4.13;1,494;0;0;1,494;6,176.20
103061801;TOBRAMICINA, 3MG/ML (0.3%), SOLUCION,GOTAS, VIA OFTALMICA;7.13;10;4,795;174;4,979;35,500.27
103061901;TOBRAMICINA,0.3% C/DEXAMETASONA 0.1% SUSPENSIÓN, GOTAS, VIA OFTALMICA;1.8;0;0;0;0;0
103062001;DEXTROSA 37.5g cada 100ml, solución oral, 200ml.;5.92;0;0;0;0;0
103062101;POLIETILENGLICOL 3350, CON ELECTROLITOS (SULFATO DE SODIO ANHIDRO, BICARBONATO DE SODIO, CLORURO DE SODIO, CLORURO DE POTASIO), POLVO PARA SOLUCION, V.O.;5.9;0;0;0;0;0
104006501;CORTICOIDE DE BAJA POTENCIA NO FLUORINADO: DESONIDE, 0.05% o HIDROCORTISONA  0.25 -2.5%,  crema, tubo, 15-30g, Vía Tópica.;0.6;51,703;184;4,170;56,057;33,353.92
104009001;ALUMINIO ACETATO ÁCIDO, 0.050% A 0.060%, CREMA, PH: 4.0 - 4.8, TUBO, 30G VÍA TÓPICA.;1.73;322,296;75,681;14,932;412,909;714,332.57
104009801;FUSIDATO SÓDICO 2%, ungüento, tubo, 15-20g, Vía Tópica.;2;290,615;24,130;96,155;410,900;821,800.00
104011901;BETAMETASONA VALERATO 0.1%, crema, tubo, 15g, Vía Tópica.;3;0;0;0;0;0
104013601;KETOCONAZOL, 1-2%, CREMA, TUBO, 15- 20G, VÍA TÓPICA.;0.45;234,505;114,378;30,427;379,310;170,689.50
104014101;GENTAMICINA SULFATO, 0.3%, UNGÜENTO, TUBO, 3-5G, VÍA OFTÁLMICA;1.58;53,395;3,137;225;56,757;89,676.06
104014701;SULFADIAZINA DE PLATA 1%, crema, pote, 100-400g, Vía Tópica.;35;0;0;0;0;0
104014801;CORTICOIDE POTENCIA ALTA: AMCINONIDE 0.1% o BETAMETASONA DIPROPIONATO 0.05%  o FLUOCINOLONA ACETÓNIDA 0.2%  o HALCINONIDA 1%  o MOMETASONA FUROATO 0.1%, crema, tubo, 15g, Vía Tópica.;0.99;4,078;12,500;2,853;19,431;19,236.69
104014901;CLORANFENICOL 1%, ungüento, tubo 3-5g, Vía Oftálmica.;4.11;1,825;1,350;75;3,250;13,357.50
104015301;BENZOILO PERÓXIDO 5%, gel, tubo, 40-60g, Vía Tópica.;6.63;0;1,905;88;1,993;13,213.59
104016801;ACICLOVIR 3%, ungüento, tubo, 3-7g, Vía Oftálmica.;14.35;46;975;205;1,226;17,593.10
104017001;CLOBETASOL PROPIONATO 0.05%, crema, tubo, 25g, Vía Tópica. (Corticoide súper potente).;1.54;13,255;13,585;13,045;39,885;61,422.90
104017301;MENTOL COMPUESTO 10-20%, ungüento, tubo, Vía Tópica.;1.25;526,800;18,720;87,168;632,688;790,860.00
104017701;FLUORACILO 5%, crema, tubo, 15-30g, Vía Tópica.;12.18;95;0;0;95;1,156.98
104018501;SULFADIAZINA DE PLATA 1%, CREMA, TUBO O POTE, 30-60G VÍA TÓPICA.;2.82;1,913;180;110;2,203;6,201.45
105001401;ESTRÓGENO CONJUGADOS NATURALES DE ORIGEN EQUINO, 0.625MG/G, CREMA TUBO CON APLICADOR, 40-45 G  V. VAGINAL.;4.69;54,045;15,960;8,896;78,901;370,045.69
105001801;METRONIDAZOL 500mg, óvulo, Vía Vaginal.;0.28;515,410;129,050;160,950;805,410;225,514.80
105002501;"ANTIHEMORROIDAL CON CORTICOIDE Y ANESTÉSICO LOCAL: HIDROCORTISONA o BETAMETASONA o PREDNISOLONA con LIDOCAÍNA o BENZOCAÍNA; O DOBESILATO CALCIO MONOHIDRATO 4G /LIDOCAINA 2G / DEXAMETASONA ACETATO 0.025G, crema, jalea, pomada o ungüento rectal, con tubo aplicador, Vía Rectal.";7.2;67,575;0;2,458;70,033;504,237.60
105002901;LIGNOCAÍNA (LIDOCAÍNA) 2%, jalea, tubo,  20-30g, Vía Tópica.;14.95;1,750;0;830;2,580;38,571.00
105004901;PARACETAMOL (ACETAMINOFEN), 250-300MG. SUPOSITORIOS PEDIÁTRICOS, VIA RECTAL.;0.15;0;0;0;0;0
105006201;METACRESOLSULFÓNICO ÁCIDO con FORMALDEHÍDO (POLICRESULENO) 18mg/g, gel,  tubo con aplicador, 50g, Vía Vaginal.;14.5;0;0;0;0;0
105007201;DICLOFENACO SÓDICO 50mg,  supositorio, Vía Rectal.;0.49;0;1,661,000;0;1,661,000;813,890.00
105007701;IMIDAZOLES: CLOTRIMAZOL, ISOCONAZOL, MICONAZOL, 1-2%, CREMA O JALEA, TUBO CON APLICADOR, 35-40G, VÍA VAGINAL;0.66;360,676;53,933;51,065;465,674;307,344.84
105007801;DINOPROSTONE, 2MG/3G, GEL, TUBO CON APLICADOR PRECARGADO O JERINGA, VÍA VAGINAL.;37.8;10,235;2,470;1,075;13,780;520,884.00
105008101;LEVONORGESTREL 52mg (20mcg/24horas), sistema Intrauterino.;155;10,796;550;280;11,626;1,802,030.00
105008201;LIDOCAINA 700MG, PARCHE, VIA TOPICA.;5.75;0;0;0;0;0
1020808P1;RITUXIMAB 100mg, solución, I.V.;69;0;0;0;0;0
1020817P1;RITUXIMAB 500mg, solución, I.V.;221;0;0;0;0;0
1020923P1;INFLIXIMAB 100mg, polvo liofilizado, I.V.;144.3;0;0;0;0;0
;TOTAL GENERAL;;368,648,959;68,510,790;71,248,008;508,407,757;154,703,124
;****;;;;;;
